id,age,income,educ,gender,vacc_b
1,37,9,2,1,3
2,84,4,2,1,3
3,18,7,3,1,1
4,69,5,1,1,5
5,84,1,2,0,3
6,21,6,2,1,5
7,21,4,2,0,3
8,69,8,2,0,1
9,57,9,3,1,4
10,75,6,3,0,5
11,26,2,3,0,1
12,65,7,3,0,4
13,32,1,3,1,1
14,39,9,3,1,5
15,16,5,2,0,5
16,65,4,2,0,1
17,82,1,2,1,4
18,82,5,2,0,1
19,66,7,3,0,1
20,62,9,3,1,5
21,46,3,2,1,1
22,53,8,2,1,4
23,30,7,3,0,1
24,80,5,3,1,2
25,84,2,2,1,4
26,59,2,1,0,4
27,44,8,1,1,3
28,44,9,3,1,3
29,43,9,3,0,5
30,45,2,2,1,1
31,68,7,2,1,3
32,55,4,2,0,2
33,55,6,2,1,5
34,38,9,2,1,4
35,57,6,2,1,1
36,21,7,2,0,4
37,77,9,2,1,4
38,79,9,2,0,2
39,23,4,2,1,1
40,34,4,2,0,2
41,28,7,2,1,1
42,17,7,2,1,1
43,50,3,3,1,2
44,41,9,2,1,4
45,60,2,1,0,3
46,73,3,2,0,4
47,60,7,2,0,5
48,83,9,3,1,1
49,61,8,3,1,1
50,69,6,2,0,5
51,61,6,3,1,3
52,82,4,3,0,5
53,26,5,2,0,3
54,65,7,2,1,1
55,30,3,1,0,1
56,70,8,3,1,5
57,36,6,1,1,4
58,67,9,2,0,4
59,17,2,1,1,4
60,19,7,2,1,3
61,58,4,2,0,4
62,42,7,2,1,4
63,66,4,1,1,4
64,39,2,3,0,1
65,56,5,2,1,3
66,29,5,2,1,2
67,71,4,2,0,1
68,56,2,3,1,3
69,51,5,3,1,3
70,40,7,2,0,5
71,38,4,3,1,2
72,26,5,3,0,1
73,23,7,2,1,1
74,69,9,3,0,2
75,77,6,2,1,4
76,49,5,2,1,1
77,72,6,2,0,2
78,40,1,2,0,3
79,62,9,2,0,3
80,51,3,2,1,1
81,32,5,2,0,1
82,80,8,3,1,1
83,33,8,1,1,5
84,37,6,2,1,5
85,40,7,2,1,3
86,19,7,2,1,2
87,54,9,3,1,1
88,78,6,2,1,3
89,68,5,2,0,3
90,56,8,3,0,4
91,17,3,3,1,2
92,52,4,1,0,5
93,57,5,3,1,1
94,18,7,3,1,3
95,64,1,3,0,3
96,26,5,2,1,2
97,74,8,2,1,4
98,59,4,2,1,5
99,51,8,1,0,5
100,82,5,2,0,4
101,40,5,3,0,5
102,41,4,2,0,4
103,45,6,2,1,1
104,60,6,2,1,4
105,85,4,2,0,2
106,35,5,2,1,4
107,53,8,2,0,1
108,79,9,2,0,1
109,30,4,2,0,3
110,22,9,2,0,1
111,24,5,2,0,1
112,83,5,2,0,3
113,44,4,2,1,1
114,85,7,2,0,2
115,63,3,2,0,1
116,16,1,3,1,5
117,25,8,2,0,4
118,61,1,2,0,1
119,15,5,2,1,5
120,46,5,2,1,3
121,27,4,3,1,3
122,76,3,3,0,3
123,25,7,3,1,2
124,72,9,2,1,4
125,28,9,3,1,2
126,56,4,2,1,5
127,34,5,2,1,2
128,78,6,2,1,1
129,29,9,2,1,3
130,34,9,2,1,1
131,64,2,2,1,3
132,61,8,2,0,4
133,69,8,2,1,1
134,32,3,2,0,3
135,67,5,1,0,3
136,25,7,3,1,2
137,36,1,3,0,2
138,66,3,3,1,5
139,53,6,2,0,5
140,45,6,1,1,3
141,60,1,3,1,2
142,78,1,3,1,2
143,33,7,2,1,4
144,25,8,2,1,1
145,34,7,3,1,2
146,60,5,2,0,2
147,42,6,2,1,1
148,30,7,2,0,3
149,83,1,1,1,4
150,21,9,3,0,4
151,70,6,3,0,2
152,51,5,2,0,1
153,19,7,2,0,5
154,60,6,2,1,3
155,34,7,2,1,3
156,70,5,2,0,5
157,79,8,3,1,2
158,50,8,3,0,3
159,52,5,3,0,1
160,70,5,1,0,3
161,57,7,2,1,5
162,25,3,3,0,2
163,75,4,3,1,5
164,33,5,1,1,2
165,56,5,2,1,5
166,28,4,2,1,3
167,72,4,3,1,5
168,17,8,3,0,5
169,57,4,3,0,1
170,22,5,2,0,4
171,72,9,1,0,4
172,34,7,2,0,4
173,69,5,3,1,4
174,39,5,1,0,5
175,62,1,2,0,2
176,56,9,2,0,3
177,62,1,2,1,5
178,53,4,2,1,3
179,77,5,3,0,3
180,21,5,2,1,3
181,55,1,1,0,1
182,33,6,1,1,1
183,63,1,3,1,2
184,63,6,2,0,2
185,16,3,2,1,4
186,68,1,2,0,2
187,70,9,2,0,4
188,26,5,2,0,1
189,50,1,3,1,4
190,23,3,2,0,1
191,15,2,3,1,3
192,27,2,3,1,4
193,69,9,2,0,2
194,57,9,2,1,3
195,55,7,2,0,1
196,85,7,2,0,2
197,83,7,2,0,5
198,83,1,2,1,4
199,75,7,2,1,5
200,72,7,2,0,2
201,52,5,1,1,5
202,22,1,3,0,5
203,59,5,2,1,5
204,49,2,2,0,1
205,21,7,3,0,3
206,16,4,2,1,4
207,69,2,3,1,2
208,70,8,3,1,3
209,61,6,2,1,2
210,22,7,2,0,5
211,41,7,2,0,2
212,42,5,1,1,2
213,26,4,2,0,4
214,53,8,2,1,5
215,18,5,2,1,4
216,57,6,2,0,3
217,54,8,3,1,2
218,32,6,3,1,4
219,82,7,2,1,1
220,31,7,2,1,4
221,27,7,2,0,1
222,37,1,3,1,3
223,39,6,2,1,3
224,16,7,2,0,5
225,36,5,1,0,5
226,85,4,3,1,2
227,70,4,2,0,2
228,26,7,2,0,1
229,15,4,2,1,2
230,64,7,3,0,1
231,19,2,2,1,4
232,54,9,2,0,2
233,77,1,2,1,5
234,47,6,2,1,3
235,16,9,3,0,4
236,77,5,2,0,3
237,54,1,2,0,4
238,51,7,3,0,5
239,30,1,2,0,2
240,65,1,3,0,4
241,35,7,2,1,3
242,32,4,3,1,4
243,59,8,2,1,4
244,28,8,2,1,5
245,59,8,3,1,2
246,19,5,2,1,2
247,30,9,2,0,4
248,71,3,3,0,3
249,40,7,2,0,1
250,51,1,2,0,5
251,15,7,2,1,2
252,73,4,2,0,2
253,80,6,3,0,2
254,60,4,2,0,2
255,35,1,3,0,1
256,83,6,3,0,4
257,66,3,3,1,5
258,74,1,2,0,5
259,45,5,3,1,1
260,55,1,2,0,1
261,18,7,3,0,2
262,20,5,3,0,3
263,16,6,3,0,3
264,46,4,3,0,1
265,35,1,2,0,4
266,72,9,2,1,4
267,27,2,2,1,4
268,31,9,3,0,2
269,39,5,2,1,5
270,61,1,3,0,4
271,39,5,3,0,3
272,41,4,2,1,3
273,62,3,3,1,3
274,58,6,3,1,3
275,24,1,3,1,3
276,72,6,3,0,1
277,84,9,3,0,5
278,44,3,2,0,3
279,21,5,3,1,3
280,78,3,2,0,4
281,80,5,2,0,4
282,53,4,2,1,3
283,19,6,2,1,4
284,29,2,2,0,3
285,18,3,2,0,4
286,74,4,2,0,4
287,40,4,2,0,5
288,30,4,3,0,3
289,47,5,2,1,1
290,56,2,2,0,1
291,36,1,2,1,5
292,34,5,1,0,3
293,59,8,2,1,4
294,73,2,2,0,2
295,61,3,2,1,3
296,18,4,3,1,1
297,25,6,2,1,3
298,72,9,2,0,3
299,34,7,3,0,2
300,48,4,2,0,5
301,41,9,3,0,3
302,37,9,2,0,3
303,23,8,2,1,1
304,15,5,1,0,3
305,54,7,2,1,5
306,53,7,3,0,5
307,72,1,2,1,3
308,41,5,3,1,4
309,34,7,3,0,1
310,71,5,3,0,5
311,83,7,3,0,5
312,54,3,1,1,1
313,63,5,3,0,5
314,77,4,2,1,3
315,78,9,2,0,1
316,51,2,2,1,5
317,45,4,2,0,5
318,35,7,2,0,3
319,20,1,2,1,1
320,69,6,3,1,1
321,79,7,3,0,1
322,59,7,3,0,3
323,40,6,2,0,5
324,83,4,2,1,5
325,56,6,3,0,2
326,83,7,3,0,3
327,32,8,3,0,5
328,48,3,1,1,2
329,32,7,2,0,3
330,53,4,3,0,3
331,64,6,1,1,4
332,50,5,2,0,3
333,20,6,2,1,3
334,47,5,3,0,2
335,60,7,2,0,4
336,30,6,3,0,2
337,55,3,3,0,1
338,27,8,3,1,3
339,70,3,3,0,2
340,27,1,2,0,5
341,28,7,2,0,1
342,69,6,2,0,3
343,44,1,2,1,2
344,59,8,2,1,5
345,49,5,2,0,2
346,77,4,1,0,2
347,58,7,3,1,4
348,31,5,3,1,1
349,62,7,2,0,4
350,53,9,2,1,3
351,15,5,1,0,2
352,55,4,3,0,1
353,73,1,2,0,2
354,26,5,2,1,4
355,19,5,3,1,4
356,20,7,3,1,4
357,55,6,3,0,1
358,18,2,2,0,2
359,78,5,3,1,5
360,22,7,3,1,5
361,30,5,3,1,1
362,74,1,2,1,1
363,39,9,1,1,2
364,67,2,2,1,4
365,21,4,3,0,3
366,32,8,3,0,1
367,68,9,2,1,2
368,54,3,2,1,2
369,49,7,2,1,2
370,77,8,2,1,2
371,23,8,2,1,1
372,82,3,3,1,4
373,45,1,2,0,3
374,46,1,3,1,4
375,59,7,2,0,2
376,51,1,2,1,4
377,67,1,3,1,2
378,41,6,2,1,1
379,71,9,2,0,1
380,22,1,2,1,3
381,28,6,2,1,2
382,44,7,2,1,1
383,58,9,3,0,1
384,78,7,3,0,4
385,75,9,2,1,3
386,45,2,2,0,4
387,26,8,2,1,3
388,60,6,3,0,4
389,80,1,1,1,1
390,20,5,2,1,1
391,68,9,2,1,1
392,58,9,2,0,5
393,25,7,1,0,2
394,55,8,3,0,3
395,62,2,1,0,2
396,45,7,3,1,3
397,52,1,2,1,5
398,79,5,2,1,1
399,31,5,2,0,2
400,30,4,2,1,5
401,22,7,3,1,3
402,46,9,3,1,3
403,44,9,2,1,1
404,54,2,2,1,4
405,38,7,1,1,2
406,36,2,1,1,5
407,67,6,3,0,5
408,24,4,2,1,3
409,79,9,3,1,2
410,52,5,2,1,2
411,60,9,3,1,5
412,58,8,3,1,1
413,17,7,3,1,3
414,40,9,3,1,4
415,56,8,3,0,5
416,36,1,2,1,5
417,33,1,2,1,3
418,33,8,2,0,2
419,22,8,2,1,3
420,79,7,3,0,5
421,84,8,2,1,3
422,36,7,3,0,1
423,50,8,3,1,5
424,44,4,1,0,5
425,36,1,3,1,5
426,67,4,2,0,1
427,67,6,2,1,3
428,39,2,3,1,5
429,73,7,2,0,3
430,72,7,2,0,4
431,38,1,3,1,1
432,27,7,2,0,2
433,81,7,3,0,3
434,69,8,2,1,3
435,67,5,2,1,5
436,70,3,2,1,3
437,17,1,3,0,2
438,62,8,2,0,3
439,41,6,3,0,1
440,81,1,2,1,2
441,30,6,2,1,5
442,52,5,2,0,3
443,44,8,3,1,5
444,40,5,2,0,5
445,30,1,2,0,3
446,32,1,2,0,4
447,20,7,2,0,2
448,84,7,1,0,5
449,62,7,2,0,3
450,48,3,3,1,3
451,55,7,2,0,1
452,64,1,3,1,2
453,19,6,2,1,2
454,49,9,1,1,5
455,49,3,2,1,5
456,68,4,3,0,4
457,35,7,2,0,2
458,20,8,1,1,1
459,78,2,2,1,4
460,28,5,2,1,5
461,74,8,2,1,2
462,82,3,2,1,3
463,54,7,3,0,2
464,52,7,2,1,5
465,68,6,2,1,2
466,83,4,2,0,2
467,33,9,3,0,1
468,37,8,2,1,2
469,16,5,2,1,1
470,63,3,2,0,4
471,72,8,2,1,4
472,20,9,1,1,2
473,23,2,2,1,1
474,19,9,2,0,3
475,39,4,2,1,4
476,27,3,2,1,4
477,24,9,3,0,5
478,42,6,2,1,4
479,43,6,3,0,5
480,78,5,3,0,1
481,20,4,3,1,4
482,49,9,3,1,3
483,78,5,2,0,5
484,52,6,2,1,2
485,79,9,2,1,3
486,62,9,2,1,5
487,25,7,3,1,5
488,32,7,3,0,5
489,16,7,2,1,3
490,60,9,1,0,4
491,56,3,2,0,4
492,16,2,2,1,3
493,84,7,2,1,4
494,24,5,2,0,3
495,69,1,2,1,1
496,44,7,2,1,3
497,76,6,2,1,5
498,64,9,3,1,2
499,80,4,2,1,4
500,45,8,2,0,3
501,70,7,2,1,2
502,65,1,3,1,4
503,37,2,1,1,4
504,79,7,3,0,3
505,60,2,2,0,3
506,21,9,1,1,4
507,37,9,2,1,2
508,65,2,2,0,5
509,25,8,2,0,5
510,28,1,2,0,3
511,70,7,1,1,5
512,74,3,2,1,1
513,41,2,2,0,4
514,45,9,2,0,4
515,64,6,2,0,3
516,59,3,3,0,4
517,44,2,3,0,2
518,55,3,3,0,3
519,83,4,2,1,1
520,77,9,2,1,3
521,66,2,2,1,1
522,38,4,3,0,5
523,15,7,3,0,5
524,22,4,3,1,4
525,18,6,2,1,5
526,41,7,2,1,3
527,65,4,1,0,3
528,75,3,3,0,2
529,31,6,3,0,4
530,61,6,2,1,5
531,64,6,2,1,3
532,76,5,3,0,4
533,73,7,2,0,1
534,77,5,3,0,4
535,55,5,2,1,2
536,63,3,2,0,2
537,73,5,3,1,4
538,78,5,3,0,5
539,19,5,3,1,5
540,32,6,2,0,5
541,35,7,1,0,5
542,79,9,1,1,2
543,75,5,2,1,2
544,17,8,3,1,1
545,48,8,2,1,4
546,51,9,3,1,3
547,85,3,2,0,4
548,38,5,2,0,3
549,27,7,2,0,2
550,30,2,2,0,1
551,30,6,2,1,2
552,69,8,3,0,4
553,66,8,2,0,3
554,50,5,2,1,3
555,73,4,3,0,1
556,58,3,2,0,1
557,29,7,2,1,5
558,29,8,3,0,4
559,84,7,2,0,2
560,78,3,3,1,4
561,35,3,3,1,2
562,44,9,2,0,3
563,79,6,2,1,4
564,54,5,3,0,1
565,43,5,2,1,1
566,42,7,3,0,1
567,78,3,2,1,2
568,49,8,3,0,1
569,34,5,2,0,4
570,75,2,2,0,3
571,32,8,2,0,1
572,32,5,3,0,2
573,48,8,2,0,2
574,71,3,2,1,1
575,18,5,2,0,4
576,47,6,3,0,3
577,34,5,3,1,4
578,66,6,2,0,2
579,71,3,3,1,5
580,50,7,3,1,5
581,49,3,2,1,1
582,63,5,2,0,1
583,49,5,3,1,4
584,63,7,3,1,5
585,30,2,2,0,2
586,77,3,2,0,2
587,28,4,3,1,5
588,27,3,3,1,2
589,16,4,3,0,2
590,43,2,2,0,3
591,50,6,2,0,3
592,34,9,2,0,2
593,74,5,2,0,2
594,75,7,2,1,5
595,73,5,3,1,4
596,59,5,2,1,2
597,30,9,3,1,2
598,50,4,2,1,1
599,49,4,3,0,3
600,73,9,3,0,2
601,37,7,2,0,2
602,58,4,3,1,4
603,50,3,2,0,3
604,27,7,2,0,4
605,36,5,2,1,5
606,79,5,2,1,1
607,59,6,2,0,3
608,61,5,2,1,2
609,57,5,2,0,2
610,39,3,2,0,2
611,18,9,2,0,1
612,59,9,2,1,3
613,46,5,3,1,2
614,24,5,3,1,3
615,51,6,2,0,4
616,43,8,2,1,1
617,85,7,2,0,2
618,42,1,3,1,5
619,18,9,2,1,2
620,15,7,3,0,3
621,22,1,2,0,4
622,68,7,3,0,3
623,57,5,2,0,3
624,79,9,2,1,3
625,38,7,2,0,5
626,41,4,3,0,1
627,82,5,1,1,1
628,31,5,3,0,3
629,64,6,3,1,5
630,44,2,2,1,2
631,16,3,2,0,5
632,49,1,1,0,1
633,33,3,2,0,2
634,53,7,2,0,4
635,35,9,2,0,3
636,57,8,3,0,5
637,67,3,2,1,3
638,74,6,2,1,4
639,50,2,2,1,3
640,41,4,2,1,4
641,51,6,2,1,5
642,31,3,3,0,5
643,57,6,2,0,5
644,41,6,3,1,2
645,35,2,1,0,2
646,66,5,3,1,3
647,31,6,2,0,3
648,52,9,2,1,4
649,15,5,2,0,2
650,41,2,2,0,5
651,55,6,3,1,3
652,33,5,1,0,5
653,41,6,3,0,5
654,29,4,2,1,3
655,17,9,3,1,1
656,74,5,1,0,4
657,57,3,2,0,2
658,35,1,3,1,3
659,21,8,3,0,5
660,47,4,2,0,1
661,41,6,1,0,4
662,66,2,2,0,2
663,32,4,2,1,2
664,67,7,2,1,1
665,31,6,3,1,3
666,70,2,2,1,3
667,16,5,3,1,4
668,54,2,2,1,1
669,28,7,2,1,5
670,51,7,3,0,1
671,24,4,3,1,4
672,35,4,2,0,5
673,84,3,2,1,4
674,83,2,2,0,2
675,54,3,3,0,1
676,62,6,2,0,5
677,82,6,3,0,5
678,23,7,2,0,5
679,74,5,1,1,3
680,76,7,3,1,1
681,84,4,2,1,2
682,46,7,2,0,5
683,35,8,2,1,5
684,43,9,3,1,4
685,31,7,2,1,2
686,30,4,2,0,1
687,57,7,2,0,5
688,85,2,3,0,2
689,34,4,2,0,5
690,79,5,2,0,5
691,70,6,2,1,5
692,78,1,2,0,5
693,85,7,3,0,5
694,62,5,3,1,3
695,28,6,2,0,3
696,74,7,3,1,5
697,50,5,1,0,1
698,82,5,2,0,4
699,20,1,3,0,1
700,37,3,2,0,1
701,72,5,3,1,3
702,82,6,3,0,4
703,23,1,2,0,3
704,38,5,2,1,2
705,27,5,2,0,1
706,65,7,3,0,2
707,24,2,3,1,4
708,30,8,2,1,2
709,44,7,1,0,2
710,32,8,2,0,3
711,59,8,2,0,2
712,56,8,2,1,3
713,27,9,3,1,2
714,28,5,1,1,2
715,77,7,2,1,3
716,44,5,2,0,3
717,73,5,2,1,4
718,31,7,2,1,3
719,42,4,2,1,1
720,66,5,3,0,2
721,75,4,3,1,1
722,71,7,2,1,2
723,65,6,3,0,4
724,54,5,2,0,5
725,70,5,3,0,4
726,77,8,2,0,3
727,77,9,3,1,2
728,33,6,3,0,2
729,58,7,2,1,2
730,63,3,2,1,4
731,36,8,3,0,1
732,40,3,3,1,3
733,74,1,1,0,3
734,85,5,2,0,5
735,42,5,3,1,1
736,33,2,3,1,1
737,17,1,2,0,4
738,51,5,2,1,3
739,23,2,2,1,5
740,78,8,3,1,3
741,28,7,2,0,3
742,59,1,3,1,2
743,47,1,3,1,3
744,56,5,3,1,5
745,63,8,2,0,3
746,60,5,2,0,3
747,58,7,1,0,3
748,76,9,1,0,2
749,42,7,1,1,5
750,38,7,2,0,3
751,57,7,2,0,5
752,70,4,3,0,2
753,48,3,2,0,2
754,74,4,1,0,1
755,62,4,2,0,4
756,64,4,3,0,3
757,46,8,2,1,3
758,26,9,3,0,4
759,37,3,3,1,3
760,35,1,3,1,3
761,60,9,1,0,4
762,65,7,2,0,2
763,32,7,2,1,1
764,54,5,2,1,5
765,68,5,2,1,2
766,17,2,3,1,1
767,64,7,1,1,2
768,30,6,3,0,1
769,65,5,2,0,3
770,84,8,3,1,1
771,81,1,2,0,1
772,69,9,2,1,5
773,45,3,2,0,4
774,20,9,3,0,1
775,81,5,1,1,5
776,82,9,1,0,2
777,18,6,2,0,4
778,73,8,2,0,4
779,55,2,2,1,5
780,62,6,2,0,1
781,73,5,2,0,4
782,24,7,2,1,2
783,85,6,3,1,3
784,76,7,2,1,3
785,61,4,2,0,5
786,31,7,3,1,1
787,74,1,2,0,1
788,48,9,3,1,5
789,15,6,3,1,1
790,82,5,2,1,1
791,32,1,3,1,5
792,45,5,2,0,3
793,36,5,3,1,5
794,77,9,1,1,5
795,15,2,2,0,5
796,46,1,2,1,4
797,40,6,3,0,1
798,15,9,3,1,3
799,46,7,1,0,3
800,39,5,2,1,1
801,34,6,2,0,5
802,22,8,2,1,5
803,30,3,1,0,4
804,38,1,3,0,3
805,43,6,3,0,2
806,24,9,2,1,3
807,20,9,2,0,1
808,56,4,2,0,1
809,30,7,3,1,5
810,18,9,2,0,2
811,70,9,3,0,2
812,33,6,3,0,3
813,42,8,3,0,5
814,84,1,2,0,2
815,49,1,2,1,4
816,30,9,2,0,2
817,48,8,2,1,3
818,50,5,3,0,2
819,22,7,2,0,4
820,28,3,2,1,3
821,80,9,3,1,1
822,25,8,2,1,1
823,63,3,2,1,1
824,46,1,3,0,3
825,73,9,3,1,4
826,50,7,1,1,3
827,69,4,2,1,3
828,39,5,3,1,1
829,24,7,2,0,2
830,27,9,3,1,3
831,35,6,2,1,3
832,28,2,2,1,1
833,63,9,2,0,3
834,31,8,1,1,2
835,81,9,3,0,4
836,59,8,3,1,5
837,80,1,2,0,4
838,25,5,2,1,1
839,61,5,2,0,1
840,66,3,2,1,1
841,84,5,3,0,1
842,23,1,2,0,2
843,44,6,2,0,3
844,35,6,1,1,4
845,61,4,2,0,5
846,26,5,3,0,5
847,22,9,2,1,2
848,76,8,2,1,4
849,81,4,2,1,3
850,17,2,2,0,1
851,73,7,3,0,4
852,29,7,2,0,3
853,15,7,2,1,5
854,23,9,2,0,3
855,29,3,2,0,4
856,85,5,2,1,3
857,84,2,2,0,1
858,79,5,3,0,2
859,17,7,3,0,4
860,21,7,3,0,2
861,73,7,3,0,4
862,34,2,2,0,2
863,16,6,2,1,1
864,16,7,3,0,5
865,42,5,2,0,3
866,57,5,3,1,4
867,77,7,3,0,5
868,75,7,2,0,4
869,66,5,1,1,3
870,85,6,2,0,5
871,18,3,2,1,2
872,22,9,2,0,3
873,43,5,3,1,4
874,46,2,3,1,1
875,37,3,2,1,2
876,75,5,2,0,5
877,78,6,2,0,5
878,45,6,2,1,1
879,27,1,2,0,2
880,31,1,2,1,4
881,39,7,1,1,5
882,62,3,2,0,5
883,78,6,2,1,1
884,37,6,2,1,5
885,78,8,2,0,5
886,49,6,2,0,3
887,64,6,1,0,2
888,33,3,2,0,2
889,55,7,1,1,1
890,57,1,3,1,4
891,55,7,2,1,1
892,47,7,2,1,5
893,60,4,2,1,5
894,78,5,3,0,4
895,51,5,2,1,5
896,63,5,3,0,4
897,70,3,2,0,5
898,46,6,2,0,1
899,44,8,2,0,3
900,35,9,1,1,4
901,21,5,2,0,2
902,26,7,2,1,4
903,80,6,3,0,5
904,83,9,2,0,3
905,73,5,3,1,3
906,53,9,3,1,2
907,68,9,2,0,2
908,18,3,2,1,1
909,40,7,3,0,5
910,43,6,2,0,4
911,56,8,2,0,3
912,17,4,1,0,3
913,77,4,2,0,5
914,43,5,2,0,5
915,83,5,3,1,1
916,68,6,2,1,2
917,40,6,2,0,4
918,73,5,3,0,5
919,63,8,3,1,2
920,56,6,1,0,2
921,34,5,3,1,2
922,29,6,2,0,3
923,83,8,1,1,3
924,46,6,2,1,2
925,39,7,2,1,2
926,46,8,3,0,5
927,62,5,2,1,5
928,16,6,3,0,2
929,65,7,2,1,5
930,32,6,2,1,1
931,32,8,2,1,5
932,78,3,2,1,3
933,42,9,2,0,4
934,51,3,3,0,2
935,63,5,3,0,3
936,68,6,1,0,1
937,24,6,2,0,1
938,42,5,2,1,3
939,80,3,3,0,3
940,50,4,1,0,4
941,59,1,2,1,1
942,64,5,3,1,1
943,79,9,2,0,5
944,34,3,2,0,1
945,39,5,2,0,3
946,72,4,3,1,3
947,49,4,1,1,4
948,71,1,2,1,1
949,73,1,3,1,5
950,52,1,3,0,1
951,60,4,3,1,4
952,28,8,2,0,2
953,72,2,2,0,4
954,52,6,2,0,5
955,20,5,3,1,2
956,61,6,1,0,2
957,19,3,2,1,4
958,38,6,3,0,3
959,56,5,1,0,5
960,64,5,3,1,3
961,75,6,1,1,3
962,36,3,2,0,5
963,69,5,3,0,1
964,80,4,3,1,2
965,32,2,2,1,5
966,82,7,2,0,1
967,50,1,2,0,2
968,66,6,2,1,3
969,83,6,2,0,2
970,61,8,2,0,2
971,33,5,2,0,4
972,36,4,1,1,5
973,33,7,2,0,3
974,31,1,3,1,4
975,31,5,1,1,5
976,77,3,2,0,3
977,58,2,3,0,3
978,61,6,2,1,4
979,61,9,2,1,1
980,72,7,2,1,2
981,60,9,3,1,4
982,24,7,3,1,2
983,84,7,3,1,1
984,35,6,3,1,5
985,55,1,2,1,5
986,77,7,2,1,5
987,22,9,3,1,2
988,40,6,3,0,5
989,24,2,2,0,5
990,35,6,1,0,5
991,45,9,3,0,2
992,43,6,2,1,5
993,19,9,3,1,1
994,67,4,3,0,3
995,65,3,2,0,5
996,45,7,2,1,4
997,60,9,2,1,2
998,46,6,3,0,1
999,29,1,1,0,4
1000,20,7,2,1,5
1001,80,5,2,1,3
1002,48,9,3,1,5
1003,54,2,2,1,1
1004,33,7,3,0,5
1005,33,8,2,1,5
1006,21,1,2,0,1
1007,75,1,3,0,3
1008,45,8,2,0,1
1009,27,5,2,0,4
1010,60,8,2,0,1
1011,85,1,3,1,3
1012,19,2,2,0,4
1013,43,5,2,0,3
1014,66,5,2,1,5
1015,73,5,2,1,3
1016,43,3,1,0,1
1017,42,1,3,1,4
1018,23,4,3,0,4
1019,24,3,3,0,3
1020,53,2,1,0,1
1021,65,9,3,1,5
1022,68,2,2,0,5
1023,31,9,3,1,3
1024,16,1,2,1,5
1025,73,4,2,1,1
1026,67,6,2,0,1
1027,60,8,3,1,4
1028,37,7,1,1,5
1029,19,9,2,0,5
1030,70,7,2,0,2
1031,60,3,3,1,3
1032,61,5,2,0,1
1033,39,3,3,0,3
1034,65,1,2,1,2
1035,78,9,2,0,3
1036,83,5,3,0,2
1037,83,8,1,0,2
1038,45,8,2,1,5
1039,58,5,2,1,4
1040,22,6,3,1,2
1041,36,6,3,1,1
1042,77,4,2,0,5
1043,66,8,3,0,3
1044,84,6,2,1,1
1045,85,7,2,1,3
1046,26,3,2,1,2
1047,55,1,2,1,4
1048,24,5,1,1,2
1049,32,2,2,1,5
1050,36,9,2,1,4
1051,74,8,3,1,5
1052,27,9,3,1,1
1053,40,5,2,0,1
1054,76,9,2,1,5
1055,43,4,2,0,2
1056,64,5,3,1,3
1057,63,5,2,0,4
1058,77,5,2,1,1
1059,44,4,3,1,4
1060,24,7,2,1,1
1061,15,4,2,0,3
1062,34,9,2,1,1
1063,62,8,2,1,5
1064,84,5,2,0,4
1065,29,8,2,1,4
1066,52,2,2,1,1
1067,69,6,3,0,5
1068,55,2,2,1,5
1069,63,4,3,0,1
1070,28,5,1,1,5
1071,16,2,2,1,3
1072,29,7,3,0,3
1073,15,7,2,0,5
1074,42,1,2,0,5
1075,20,4,3,0,5
1076,66,3,2,0,2
1077,59,4,2,1,2
1078,16,8,3,1,1
1079,61,4,3,1,4
1080,37,4,3,0,5
1081,42,7,2,0,2
1082,37,6,3,1,3
1083,46,6,2,1,2
1084,71,4,2,1,1
1085,51,3,3,0,1
1086,27,5,3,1,1
1087,76,8,3,1,1
1088,67,5,2,1,2
1089,52,1,2,1,2
1090,51,7,2,0,5
1091,15,9,3,1,2
1092,46,9,1,1,1
1093,24,3,2,0,5
1094,70,9,2,1,5
1095,65,7,2,1,1
1096,58,4,1,0,3
1097,53,6,3,0,2
1098,77,6,3,1,1
1099,36,9,2,1,3
1100,58,8,3,1,1
1101,32,8,3,1,1
1102,20,7,3,0,2
1103,40,5,3,1,3
1104,40,5,2,1,4
1105,19,6,1,0,4
1106,62,7,2,1,1
1107,41,7,2,0,3
1108,40,7,3,0,1
1109,25,9,3,1,1
1110,79,8,2,1,3
1111,65,8,2,0,3
1112,43,3,1,1,1
1113,27,4,3,1,1
1114,34,3,3,0,5
1115,76,7,2,0,4
1116,24,7,3,1,5
1117,47,6,2,1,1
1118,42,5,2,0,3
1119,23,9,2,0,1
1120,30,7,1,1,5
1121,67,7,3,0,3
1122,43,1,2,0,3
1123,40,3,3,1,5
1124,39,1,2,0,2
1125,69,4,3,0,2
1126,17,1,2,0,3
1127,72,9,2,1,3
1128,47,9,2,0,2
1129,23,9,2,0,2
1130,50,6,3,1,1
1131,17,5,2,1,2
1132,37,2,2,0,5
1133,71,5,3,1,4
1134,85,5,2,0,5
1135,47,7,2,1,2
1136,84,9,2,1,5
1137,72,6,1,0,2
1138,85,9,1,0,5
1139,63,4,1,0,1
1140,41,7,3,1,5
1141,34,7,2,0,3
1142,51,8,2,0,5
1143,17,8,3,0,3
1144,30,7,3,0,4
1145,35,7,2,0,1
1146,74,7,3,0,2
1147,82,2,3,1,3
1148,56,7,3,1,4
1149,84,8,2,1,5
1150,27,9,3,1,4
1151,73,6,2,0,1
1152,16,4,2,0,5
1153,50,8,3,0,3
1154,69,4,3,1,1
1155,16,6,3,0,4
1156,84,1,3,1,2
1157,24,8,1,0,5
1158,19,5,2,1,4
1159,28,1,1,0,2
1160,62,6,2,0,3
1161,45,9,3,0,3
1162,37,9,2,0,1
1163,31,8,3,1,5
1164,19,1,2,1,2
1165,22,1,3,0,3
1166,41,9,2,0,3
1167,59,8,2,0,5
1168,79,2,2,0,4
1169,36,3,3,1,2
1170,15,3,3,1,3
1171,64,8,1,1,1
1172,67,5,2,0,2
1173,76,7,3,0,4
1174,65,9,2,0,4
1175,79,1,3,0,4
1176,19,5,3,1,2
1177,79,8,3,0,3
1178,51,7,3,0,1
1179,84,9,2,0,2
1180,67,6,2,1,5
1181,82,4,2,1,4
1182,57,6,3,1,1
1183,53,9,2,0,1
1184,78,4,1,1,4
1185,61,5,2,1,3
1186,38,4,2,1,2
1187,53,6,2,0,4
1188,80,4,2,1,3
1189,29,7,3,0,2
1190,76,5,3,1,5
1191,48,2,2,1,2
1192,36,1,3,0,3
1193,70,1,2,1,3
1194,79,7,3,1,3
1195,32,4,3,1,5
1196,51,2,3,1,4
1197,61,9,3,1,2
1198,37,2,2,1,5
1199,62,9,2,1,3
1200,70,9,1,1,2
1201,19,7,2,1,3
1202,45,6,3,0,4
1203,49,2,2,1,3
1204,58,5,2,0,5
1205,42,1,2,0,2
1206,57,9,2,0,1
1207,15,6,2,0,3
1208,34,6,3,1,1
1209,62,8,2,0,4
1210,39,9,2,1,3
1211,26,7,2,1,2
1212,30,2,2,0,1
1213,23,7,1,1,1
1214,80,9,2,1,3
1215,73,6,1,1,1
1216,84,7,3,1,1
1217,36,5,2,1,3
1218,39,8,2,1,5
1219,78,5,2,0,5
1220,35,9,3,1,3
1221,20,8,2,1,4
1222,25,7,2,0,1
1223,34,1,2,0,2
1224,55,3,3,0,5
1225,62,3,3,1,1
1226,29,5,2,1,4
1227,32,1,2,0,4
1228,82,1,3,1,3
1229,82,5,3,1,3
1230,26,5,2,1,4
1231,84,5,2,0,4
1232,45,4,2,0,4
1233,63,5,3,1,2
1234,75,8,2,0,5
1235,21,7,3,0,4
1236,45,1,2,1,2
1237,48,6,3,1,5
1238,47,4,2,1,4
1239,44,4,2,1,1
1240,67,2,3,1,5
1241,84,5,3,1,3
1242,27,7,2,0,5
1243,67,1,3,0,5
1244,43,5,2,1,4
1245,18,4,2,0,4
1246,33,9,2,0,4
1247,84,8,2,1,2
1248,45,4,3,0,1
1249,79,7,2,0,2
1250,21,4,2,0,4
1251,27,3,2,0,2
1252,59,3,2,1,1
1253,81,4,2,1,2
1254,31,5,2,1,4
1255,59,1,2,1,1
1256,43,6,2,0,5
1257,80,4,2,1,3
1258,80,2,3,0,2
1259,21,6,2,0,5
1260,67,7,2,0,2
1261,51,5,2,1,3
1262,49,2,2,1,3
1263,82,4,2,0,1
1264,66,5,2,0,3
1265,65,9,2,1,2
1266,53,6,3,0,2
1267,84,5,3,0,3
1268,44,8,2,0,3
1269,81,7,3,0,3
1270,71,3,2,0,3
1271,15,7,2,0,2
1272,43,9,2,1,2
1273,40,3,2,0,2
1274,52,6,3,1,3
1275,83,4,2,0,3
1276,83,6,2,0,2
1277,47,7,2,0,5
1278,62,5,3,0,4
1279,27,6,2,0,5
1280,29,8,2,0,2
1281,49,1,3,0,2
1282,44,6,2,0,1
1283,45,3,2,0,2
1284,33,9,3,0,4
1285,66,5,2,1,4
1286,26,5,2,1,2
1287,52,8,3,0,3
1288,36,5,2,0,4
1289,39,4,2,1,4
1290,71,7,2,1,2
1291,20,5,2,1,5
1292,83,9,2,1,1
1293,80,1,3,0,2
1294,33,3,3,0,3
1295,52,4,3,1,4
1296,67,1,2,0,1
1297,33,6,2,1,3
1298,15,3,2,0,5
1299,64,8,3,0,1
1300,41,2,2,1,5
1301,25,5,2,1,3
1302,52,3,3,0,1
1303,56,5,2,1,1
1304,35,1,3,0,5
1305,54,7,2,1,1
1306,21,3,1,0,2
1307,45,8,2,1,1
1308,71,9,2,1,5
1309,74,4,3,0,5
1310,18,9,3,0,3
1311,54,9,1,1,3
1312,24,6,3,0,4
1313,20,9,2,0,2
1314,62,7,2,0,5
1315,74,1,3,0,3
1316,18,7,3,0,4
1317,47,5,2,0,3
1318,22,7,1,1,4
1319,28,5,2,0,5
1320,17,8,2,1,4
1321,30,6,2,0,5
1322,27,1,3,0,1
1323,18,4,3,0,2
1324,44,5,2,0,2
1325,19,1,1,1,5
1326,44,3,2,1,5
1327,49,4,3,1,4
1328,52,5,3,0,5
1329,23,8,3,0,3
1330,40,1,2,0,3
1331,17,5,3,0,4
1332,66,4,3,0,2
1333,26,3,3,0,1
1334,20,8,2,1,1
1335,43,1,3,1,3
1336,23,6,3,1,2
1337,82,7,3,0,2
1338,27,9,2,0,3
1339,50,5,1,1,5
1340,29,9,2,1,2
1341,49,4,1,0,4
1342,44,8,2,0,3
1343,69,8,2,1,1
1344,34,7,2,0,3
1345,16,9,3,0,2
1346,53,5,2,0,5
1347,50,9,2,1,1
1348,27,7,1,0,5
1349,49,6,3,1,5
1350,61,3,3,0,4
1351,68,4,2,0,1
1352,36,6,3,0,3
1353,32,7,3,0,4
1354,48,2,2,0,2
1355,65,5,3,0,5
1356,64,4,2,1,5
1357,77,8,2,0,3
1358,49,6,2,0,4
1359,57,6,3,1,3
1360,50,1,2,1,4
1361,62,7,3,0,2
1362,49,9,2,0,2
1363,35,4,2,0,4
1364,43,2,1,0,3
1365,48,8,1,1,1
1366,18,7,3,0,1
1367,18,7,1,0,4
1368,31,7,2,1,3
1369,60,4,2,0,1
1370,81,3,3,1,3
1371,45,5,3,0,1
1372,22,6,1,1,3
1373,28,5,3,1,2
1374,44,7,3,1,2
1375,84,3,1,1,5
1376,17,9,2,0,1
1377,70,1,2,1,5
1378,40,3,2,0,4
1379,50,3,2,1,3
1380,44,3,3,0,1
1381,71,9,3,0,3
1382,35,7,2,1,4
1383,49,8,2,0,5
1384,74,8,2,1,2
1385,55,2,2,1,1
1386,46,5,3,0,4
1387,22,8,3,0,3
1388,51,8,2,1,1
1389,29,9,3,0,4
1390,65,7,1,1,2
1391,77,8,3,1,2
1392,55,4,2,0,2
1393,16,7,3,1,4
1394,15,9,2,0,4
1395,65,7,3,0,4
1396,61,3,3,1,2
1397,42,5,2,1,1
1398,34,9,2,0,1
1399,52,3,1,0,2
1400,71,1,2,1,4
1401,47,4,2,0,4
1402,26,5,2,0,4
1403,16,7,3,1,5
1404,85,3,3,0,4
1405,75,7,3,1,3
1406,23,1,3,0,4
1407,32,5,3,1,3
1408,52,5,2,0,1
1409,58,1,3,1,1
1410,24,5,2,1,2
1411,71,4,3,1,3
1412,48,8,3,0,1
1413,15,4,3,0,3
1414,82,6,2,1,5
1415,50,1,3,0,5
1416,58,6,1,0,4
1417,39,7,2,0,3
1418,68,2,2,0,4
1419,34,6,3,1,1
1420,40,9,2,1,5
1421,63,7,3,0,3
1422,48,6,2,1,5
1423,47,6,1,1,1
1424,25,7,3,1,1
1425,73,9,2,1,5
1426,40,7,2,1,4
1427,81,9,2,1,3
1428,49,7,3,1,2
1429,33,9,2,0,5
1430,54,5,1,0,4
1431,82,8,3,0,5
1432,42,5,2,1,2
1433,64,4,2,1,3
1434,39,5,1,0,2
1435,54,3,1,0,2
1436,84,3,2,0,5
1437,61,6,2,0,3
1438,31,8,2,0,4
1439,21,9,3,1,1
1440,24,6,3,0,2
1441,49,5,3,1,3
1442,41,7,3,1,4
1443,85,5,2,0,2
1444,29,4,2,1,2
1445,35,8,3,0,1
1446,69,4,1,1,4
1447,17,2,2,0,2
1448,28,6,3,0,2
1449,60,6,2,1,5
1450,76,6,2,0,5
1451,24,4,3,0,2
1452,72,7,2,0,3
1453,28,3,3,1,2
1454,82,1,2,0,1
1455,48,7,2,0,4
1456,52,5,3,1,4
1457,68,4,2,0,2
1458,20,7,3,0,5
1459,40,6,1,0,2
1460,52,1,2,1,2
1461,80,7,3,0,2
1462,24,9,3,0,2
1463,62,6,2,0,3
1464,18,2,2,0,4
1465,73,9,1,0,1
1466,36,9,2,1,1
1467,20,5,2,0,5
1468,69,3,3,0,4
1469,78,2,2,1,1
1470,61,9,3,1,1
1471,64,6,2,0,5
1472,25,9,2,0,3
1473,61,4,2,1,1
1474,79,3,3,0,3
1475,49,5,2,0,4
1476,80,8,3,1,5
1477,79,2,2,1,2
1478,21,3,2,1,5
1479,69,9,1,0,3
1480,47,7,2,0,1
1481,20,4,2,1,2
1482,24,1,2,0,3
1483,66,6,2,1,2
1484,76,6,2,1,5
1485,42,4,1,0,5
1486,76,6,3,1,3
1487,18,8,2,1,2
1488,42,9,3,1,2
1489,50,4,3,1,1
1490,80,2,2,0,4
1491,29,7,2,1,2
1492,42,9,2,0,4
1493,85,5,2,1,1
1494,71,6,2,0,4
1495,27,3,1,0,3
1496,18,2,2,1,5
1497,42,7,1,0,3
1498,24,6,3,1,3
1499,54,4,2,0,4
1500,75,5,2,0,4
1501,62,6,3,1,2
1502,71,9,2,1,3
1503,34,8,3,0,1
1504,19,7,2,0,5
1505,18,2,2,0,2
1506,30,9,3,1,5
1507,80,9,3,0,4
1508,36,3,2,1,3
1509,84,1,2,1,2
1510,47,8,2,1,2
1511,27,4,3,1,4
1512,75,4,2,0,4
1513,58,4,2,1,3
1514,67,8,2,0,3
1515,70,3,2,0,3
1516,82,7,3,1,2
1517,47,4,2,0,3
1518,39,6,2,1,3
1519,35,5,3,0,4
1520,39,1,2,1,1
1521,28,7,2,0,5
1522,30,8,2,0,1
1523,72,7,2,0,2
1524,79,6,1,0,4
1525,25,3,3,1,4
1526,41,1,2,1,1
1527,37,8,2,0,5
1528,25,7,1,0,2
1529,23,2,2,1,3
1530,76,9,3,0,4
1531,55,7,2,0,2
1532,45,3,3,1,3
1533,74,8,3,0,3
1534,58,5,3,1,5
1535,44,3,3,1,5
1536,61,1,3,0,4
1537,65,2,3,0,5
1538,78,3,2,0,1
1539,18,5,2,0,4
1540,59,9,3,1,3
1541,52,2,2,0,4
1542,52,5,1,1,1
1543,44,7,2,1,3
1544,32,5,2,0,5
1545,15,2,3,0,2
1546,85,7,2,0,3
1547,47,5,3,0,1
1548,63,9,2,1,3
1549,72,6,2,1,2
1550,54,5,2,1,3
1551,74,8,2,0,4
1552,20,1,2,1,5
1553,48,6,3,0,5
1554,52,8,2,1,2
1555,18,7,3,1,3
1556,78,6,2,1,1
1557,45,2,1,1,5
1558,37,6,3,1,3
1559,39,5,2,0,5
1560,29,9,2,0,4
1561,72,8,3,1,4
1562,57,3,2,0,2
1563,79,7,2,1,5
1564,38,9,1,1,1
1565,72,1,3,1,3
1566,60,1,3,1,3
1567,73,3,2,0,3
1568,83,6,2,0,4
1569,74,7,2,1,3
1570,68,1,2,0,1
1571,85,1,2,1,3
1572,77,6,3,1,2
1573,34,5,2,0,2
1574,41,2,2,1,3
1575,18,8,2,1,3
1576,28,5,2,1,1
1577,35,6,2,1,2
1578,53,7,2,1,3
1579,28,1,2,1,3
1580,54,6,2,1,1
1581,48,8,2,0,3
1582,25,6,2,0,3
1583,61,5,2,1,1
1584,21,6,3,0,5
1585,65,3,2,0,5
1586,53,5,3,0,3
1587,77,9,2,1,1
1588,46,2,3,0,5
1589,51,9,2,0,2
1590,49,1,2,1,4
1591,58,2,2,1,4
1592,32,5,2,1,3
1593,29,5,2,1,4
1594,58,6,3,0,5
1595,20,9,3,0,3
1596,66,3,3,0,4
1597,67,7,2,0,2
1598,27,5,1,0,2
1599,21,3,2,1,2
1600,85,5,3,0,5
1601,59,6,3,1,2
1602,69,2,2,1,4
1603,36,3,2,1,3
1604,74,1,1,0,2
1605,27,8,2,0,2
1606,59,8,2,0,5
1607,53,6,2,1,4
1608,64,4,2,0,5
1609,79,4,2,0,2
1610,38,9,2,1,5
1611,64,7,2,1,5
1612,67,7,1,1,4
1613,23,4,3,1,5
1614,67,2,2,1,1
1615,72,7,2,1,4
1616,64,5,2,1,5
1617,48,4,3,1,4
1618,55,9,2,0,4
1619,53,7,2,0,3
1620,71,5,2,0,1
1621,29,4,3,1,5
1622,31,6,2,0,1
1623,20,7,1,1,4
1624,33,1,2,0,5
1625,32,7,3,0,1
1626,21,9,2,0,5
1627,62,1,2,1,2
1628,38,9,2,0,2
1629,31,2,2,1,1
1630,61,5,1,1,5
1631,84,5,2,0,4
1632,37,9,2,0,5
1633,85,5,2,0,3
1634,33,2,2,1,4
1635,52,7,1,0,5
1636,34,5,1,1,5
1637,36,8,2,1,1
1638,48,8,2,1,4
1639,39,2,2,0,3
1640,77,8,3,0,5
1641,22,5,2,0,2
1642,44,6,2,0,5
1643,54,7,2,0,2
1644,53,8,1,0,2
1645,74,6,2,0,1
1646,43,4,2,1,4
1647,51,6,2,1,3
1648,51,3,2,1,2
1649,22,9,3,0,4
1650,55,6,2,0,3
1651,47,7,3,0,5
1652,83,1,2,0,4
1653,46,2,2,0,2
1654,38,5,2,1,4
1655,81,9,2,0,1
1656,46,9,3,0,5
1657,84,3,2,0,4
1658,61,3,2,1,1
1659,39,8,2,0,2
1660,17,4,3,0,1
1661,47,9,2,0,3
1662,25,3,2,0,2
1663,36,2,2,1,4
1664,59,1,3,1,5
1665,33,5,2,0,2
1666,75,2,3,0,1
1667,81,4,3,0,1
1668,62,8,2,1,3
1669,52,3,3,1,3
1670,81,4,2,1,2
1671,74,4,2,1,4
1672,85,4,3,0,3
1673,29,4,3,0,4
1674,47,8,2,0,4
1675,38,5,2,0,3
1676,19,7,3,0,2
1677,32,4,3,1,5
1678,30,5,3,1,5
1679,17,6,3,1,3
1680,62,4,2,1,1
1681,67,6,2,0,5
1682,73,1,2,0,3
1683,75,8,2,0,5
1684,50,8,2,1,1
1685,79,5,3,0,4
1686,49,7,2,0,3
1687,31,1,2,1,2
1688,43,4,3,1,2
1689,80,6,2,0,4
1690,56,5,2,1,5
1691,25,3,2,0,2
1692,47,3,2,1,4
1693,32,5,2,1,3
1694,53,6,3,1,3
1695,72,9,3,1,2
1696,72,2,3,0,1
1697,75,7,2,0,4
1698,22,5,3,1,5
1699,35,8,3,1,2
1700,64,4,2,1,5
1701,76,2,3,0,2
1702,59,5,3,0,2
1703,84,7,2,0,3
1704,82,2,2,1,1
1705,68,9,2,0,1
1706,47,5,2,1,3
1707,44,9,3,0,3
1708,75,7,2,0,5
1709,27,7,2,0,3
1710,57,7,2,0,4
1711,61,7,2,1,5
1712,39,5,1,0,1
1713,26,4,2,1,3
1714,71,6,2,0,2
1715,26,7,3,0,3
1716,22,2,2,0,3
1717,24,7,2,0,5
1718,42,3,3,1,4
1719,81,7,3,1,2
1720,84,5,2,0,1
1721,19,8,2,0,2
1722,69,5,3,0,5
1723,76,7,3,1,1
1724,70,8,2,0,1
1725,57,9,2,1,2
1726,84,6,2,1,4
1727,27,6,3,1,1
1728,15,1,2,0,2
1729,17,5,1,0,2
1730,47,5,2,1,2
1731,22,7,2,0,3
1732,82,7,3,0,2
1733,23,9,3,1,2
1734,82,6,3,0,2
1735,40,6,2,0,5
1736,33,4,3,1,3
1737,53,7,2,1,2
1738,34,5,3,1,4
1739,60,6,2,1,5
1740,51,7,1,1,4
1741,28,6,2,1,4
1742,40,9,2,1,1
1743,70,7,2,1,5
1744,27,6,2,0,4
1745,37,5,2,0,5
1746,27,5,1,0,2
1747,53,5,2,0,3
1748,50,4,3,0,5
1749,63,7,1,0,5
1750,23,9,3,0,3
1751,39,5,1,0,4
1752,85,1,3,1,2
1753,17,2,2,0,3
1754,69,6,2,0,1
1755,34,7,2,0,1
1756,82,5,2,0,4
1757,59,6,3,1,5
1758,67,9,3,0,4
1759,29,1,1,0,5
1760,67,4,2,1,4
1761,58,6,2,1,2
1762,72,9,3,0,5
1763,36,9,3,0,3
1764,61,1,2,0,4
1765,32,1,2,1,3
1766,83,8,2,0,4
1767,39,9,2,1,5
1768,60,2,3,1,4
1769,60,2,2,0,4
1770,20,5,2,0,5
1771,67,1,2,0,3
1772,71,9,2,0,5
1773,63,5,2,1,5
1774,29,6,2,0,1
1775,70,4,2,0,4
1776,64,5,2,1,1
1777,22,5,3,0,1
1778,21,5,3,0,5
1779,72,9,2,1,3
1780,41,1,2,1,1
1781,46,5,2,1,3
1782,68,5,2,1,1
1783,27,8,3,0,1
1784,56,7,2,1,3
1785,74,7,3,0,2
1786,24,3,2,0,3
1787,20,6,3,1,5
1788,25,8,1,1,4
1789,42,9,3,0,4
1790,58,4,2,1,1
1791,29,2,2,0,5
1792,18,5,3,0,2
1793,42,7,2,1,1
1794,29,4,3,0,2
1795,43,8,2,0,3
1796,24,5,2,0,1
1797,63,7,2,1,3
1798,78,9,3,0,5
1799,45,2,2,0,5
1800,62,8,2,0,3
1801,40,1,1,0,5
1802,19,3,2,0,4
1803,27,8,1,1,2
1804,19,9,3,1,4
1805,54,9,3,0,3
1806,32,7,2,1,5
1807,55,5,2,0,3
1808,77,4,2,1,4
1809,67,3,3,0,4
1810,24,5,3,1,2
1811,39,9,2,1,4
1812,30,9,3,0,5
1813,35,6,2,1,2
1814,34,8,1,0,4
1815,16,3,2,1,1
1816,45,9,3,0,1
1817,42,7,3,0,2
1818,82,9,2,1,2
1819,27,8,2,0,3
1820,48,3,3,0,5
1821,43,1,2,1,2
1822,71,6,3,0,2
1823,16,7,1,1,2
1824,57,8,2,1,5
1825,51,5,2,0,2
1826,40,1,2,1,1
1827,46,7,2,1,2
1828,41,9,3,0,2
1829,79,5,2,1,2
1830,39,6,2,0,1
1831,26,1,2,1,1
1832,61,7,2,1,1
1833,38,4,2,1,3
1834,74,5,2,1,2
1835,53,5,2,0,3
1836,22,3,2,1,2
1837,49,8,3,0,5
1838,40,6,2,0,5
1839,30,4,3,1,4
1840,39,7,2,0,2
1841,49,3,3,1,2
1842,53,6,2,1,1
1843,16,7,3,1,2
1844,29,7,2,1,5
1845,47,4,2,1,4
1846,68,1,2,1,3
1847,69,7,2,0,3
1848,74,7,2,0,2
1849,70,6,2,0,2
1850,22,6,2,1,5
1851,32,7,3,1,1
1852,55,9,2,1,4
1853,66,2,2,0,2
1854,58,4,3,1,5
1855,20,5,1,1,5
1856,31,6,3,0,4
1857,64,4,2,1,2
1858,22,7,2,0,5
1859,30,4,2,0,1
1860,51,1,3,1,3
1861,73,5,2,1,1
1862,32,5,3,1,2
1863,38,1,3,1,3
1864,42,6,3,0,4
1865,73,4,3,0,2
1866,44,9,3,1,3
1867,31,9,2,1,3
1868,85,5,2,0,3
1869,46,4,2,0,4
1870,77,5,3,0,3
1871,47,5,2,1,1
1872,62,6,1,1,1
1873,27,9,3,1,4
1874,58,4,3,0,4
1875,41,1,3,0,3
1876,38,1,2,1,4
1877,41,9,2,1,1
1878,21,6,2,1,5
1879,32,2,1,0,2
1880,38,4,2,1,3
1881,55,4,1,1,4
1882,42,7,2,1,2
1883,68,7,2,1,5
1884,39,9,1,0,1
1885,21,9,3,1,3
1886,42,9,3,1,4
1887,79,5,2,1,4
1888,67,2,3,0,4
1889,24,9,3,0,2
1890,27,6,2,0,5
1891,79,7,2,1,4
1892,54,7,3,0,4
1893,55,5,3,1,2
1894,46,7,2,0,3
1895,25,5,2,0,1
1896,85,5,2,0,5
1897,32,2,2,0,4
1898,57,9,3,0,5
1899,26,5,3,1,3
1900,21,3,2,1,5
1901,62,1,3,0,2
1902,63,9,2,0,2
1903,75,4,2,1,2
1904,68,3,3,0,2
1905,60,5,3,0,3
1906,36,5,1,0,5
1907,85,7,2,0,4
1908,69,9,2,0,3
1909,35,7,3,1,4
1910,41,5,2,0,2
1911,29,2,2,1,5
1912,58,4,3,1,2
1913,72,4,2,0,1
1914,17,9,2,1,1
1915,16,8,2,1,1
1916,83,9,3,1,2
1917,75,7,2,1,4
1918,45,9,3,0,3
1919,49,3,2,1,1
1920,80,9,2,1,1
1921,54,8,2,0,2
1922,15,5,3,1,5
1923,57,6,2,1,2
1924,30,4,2,0,3
1925,37,7,2,1,4
1926,44,7,2,0,1
1927,54,5,2,1,2
1928,27,9,3,0,1
1929,49,5,1,0,3
1930,23,1,2,1,3
1931,40,7,2,0,5
1932,43,9,2,1,1
1933,47,8,2,1,5
1934,31,8,3,1,5
1935,26,1,2,1,1
1936,22,8,3,0,3
1937,39,8,1,0,1
1938,33,9,3,1,1
1939,64,7,3,1,4
1940,79,8,2,1,5
1941,85,7,2,1,1
1942,45,6,1,1,2
1943,76,6,2,0,3
1944,73,8,3,0,1
1945,17,9,3,1,3
1946,83,5,2,0,5
1947,37,7,2,0,5
1948,63,8,2,1,2
1949,76,7,2,1,5
1950,37,9,3,0,3
1951,20,4,2,1,5
1952,54,7,3,0,2
1953,47,9,2,0,5
1954,47,6,2,0,1
1955,80,6,3,0,1
1956,17,3,3,1,5
1957,39,1,3,1,5
1958,49,4,3,0,3
1959,69,8,2,0,5
1960,68,7,2,0,2
1961,28,4,2,0,5
1962,34,8,2,1,4
1963,52,1,2,0,5
1964,35,3,3,0,5
1965,20,9,3,0,4
1966,63,8,2,1,5
1967,61,7,3,0,5
1968,32,9,3,1,5
1969,15,5,2,1,1
1970,44,7,2,0,3
1971,19,4,2,1,2
1972,73,1,3,0,1
1973,51,4,2,0,3
1974,84,6,2,1,5
1975,59,7,3,1,2
1976,63,2,3,0,5
1977,41,5,2,1,3
1978,45,3,2,0,5
1979,42,9,2,1,3
1980,78,5,3,1,4
1981,29,7,3,0,1
1982,58,9,2,1,4
1983,46,5,2,1,2
1984,43,7,2,1,3
1985,51,9,3,0,4
1986,77,5,2,1,1
1987,30,7,3,0,3
1988,43,3,2,1,3
1989,64,1,3,1,3
1990,42,5,2,1,5
1991,17,5,2,0,4
1992,35,5,2,0,2
1993,50,2,2,0,3
1994,32,4,2,0,5
1995,23,5,2,1,2
1996,36,7,2,0,4
1997,83,5,2,0,3
1998,44,9,2,1,5
1999,74,7,3,0,5
2000,77,9,3,0,2
2001,47,9,3,0,5
2002,56,5,2,0,3
2003,74,9,2,0,5
2004,50,4,2,1,3
2005,61,6,3,0,1
2006,46,2,1,1,3
2007,75,9,3,0,4
2008,21,8,3,1,1
2009,61,1,1,0,4
2010,71,1,1,0,1
2011,60,3,2,0,5
2012,60,9,2,0,4
2013,45,6,3,1,1
2014,34,7,2,1,1
2015,19,1,2,1,2
2016,66,5,3,0,2
2017,25,9,1,1,4
2018,55,3,2,0,3
2019,49,7,2,1,3
2020,38,4,2,0,5
2021,68,4,2,0,4
2022,41,4,2,1,2
2023,41,7,1,1,5
2024,31,7,3,0,1
2025,47,8,3,1,2
2026,54,5,3,1,2
2027,69,6,3,1,3
2028,17,5,2,0,4
2029,43,2,2,1,4
2030,19,9,3,1,4
2031,38,9,3,1,3
2032,31,9,3,1,5
2033,71,9,2,1,1
2034,85,8,3,0,4
2035,33,9,2,0,3
2036,81,5,3,0,1
2037,33,5,3,1,5
2038,58,5,1,1,3
2039,82,6,2,1,1
2040,48,8,2,1,4
2041,34,7,3,0,2
2042,32,8,3,0,5
2043,35,5,3,0,5
2044,76,9,2,1,2
2045,19,4,2,0,5
2046,75,3,3,0,4
2047,38,5,2,1,2
2048,65,5,2,0,3
2049,24,6,2,0,5
2050,15,4,3,0,3
2051,62,3,1,0,2
2052,31,6,3,1,1
2053,83,4,3,1,3
2054,20,4,2,0,3
2055,20,7,3,0,1
2056,70,7,1,0,3
2057,36,2,3,1,5
2058,71,6,2,1,4
2059,70,8,2,1,2
2060,15,7,2,0,1
2061,45,8,3,1,3
2062,62,1,2,1,4
2063,65,9,3,1,1
2064,48,6,2,1,2
2065,75,9,2,1,5
2066,19,7,2,0,3
2067,15,7,2,0,5
2068,54,5,3,0,2
2069,71,3,1,0,4
2070,63,1,3,0,2
2071,21,6,2,1,2
2072,33,7,3,0,5
2073,39,6,2,0,3
2074,68,3,2,1,4
2075,85,2,2,0,5
2076,53,7,3,0,2
2077,73,9,3,1,2
2078,40,4,2,1,3
2079,65,7,3,1,4
2080,52,9,2,0,5
2081,63,7,2,1,5
2082,34,2,3,1,5
2083,70,5,1,0,3
2084,20,5,2,0,2
2085,17,2,2,0,5
2086,56,1,3,0,2
2087,28,6,2,0,4
2088,79,5,2,0,4
2089,57,3,1,0,4
2090,16,7,2,1,5
2091,17,6,2,0,2
2092,35,8,3,1,2
2093,59,2,2,0,3
2094,85,2,2,1,3
2095,81,9,2,0,5
2096,79,4,2,0,2
2097,43,4,3,0,2
2098,35,1,2,1,4
2099,62,3,1,0,4
2100,79,5,3,1,1
2101,83,3,2,1,5
2102,61,6,1,1,4
2103,84,5,1,1,4
2104,21,5,3,0,4
2105,23,1,2,1,4
2106,79,7,2,1,4
2107,61,9,2,1,3
2108,22,1,2,1,2
2109,83,7,2,1,1
2110,17,8,3,1,2
2111,34,5,2,1,4
2112,67,9,3,0,4
2113,79,9,2,1,2
2114,21,2,3,1,5
2115,27,7,2,1,3
2116,58,4,3,1,2
2117,78,6,2,0,5
2118,26,6,2,0,1
2119,49,5,1,0,2
2120,23,9,2,1,1
2121,44,8,3,1,2
2122,35,6,2,0,1
2123,59,1,2,0,3
2124,77,5,3,0,2
2125,85,7,2,1,1
2126,85,5,2,1,1
2127,33,4,2,1,2
2128,77,5,3,0,5
2129,35,5,1,0,3
2130,81,3,2,0,2
2131,17,9,2,0,1
2132,83,9,1,0,5
2133,84,2,2,1,3
2134,70,5,3,1,3
2135,20,7,2,1,4
2136,39,1,2,1,5
2137,34,4,2,0,2
2138,39,8,2,1,2
2139,67,4,3,1,1
2140,82,9,2,1,3
2141,61,9,3,1,5
2142,22,2,3,1,4
2143,53,1,2,1,1
2144,66,7,3,0,1
2145,23,5,2,1,5
2146,73,3,2,1,2
2147,53,5,2,1,1
2148,25,6,3,1,3
2149,40,6,3,1,2
2150,62,7,3,1,5
2151,51,3,2,0,1
2152,69,4,2,0,1
2153,75,7,2,1,5
2154,45,1,3,1,2
2155,31,5,2,0,5
2156,16,6,2,1,2
2157,78,3,2,1,5
2158,75,4,2,1,1
2159,25,3,3,1,2
2160,63,1,2,1,5
2161,32,9,2,1,5
2162,39,3,3,1,1
2163,24,7,2,1,5
2164,24,5,2,1,5
2165,48,3,3,0,4
2166,24,6,2,0,3
2167,84,6,2,1,3
2168,42,7,2,0,3
2169,26,9,1,1,4
2170,77,8,2,1,5
2171,80,8,3,0,5
2172,67,5,3,1,3
2173,21,8,3,1,1
2174,30,1,3,0,4
2175,47,6,2,1,4
2176,53,7,2,0,4
2177,46,7,2,1,2
2178,48,8,1,0,4
2179,68,7,2,1,4
2180,61,4,2,1,4
2181,64,6,1,1,5
2182,22,6,2,1,1
2183,68,9,2,0,1
2184,74,7,1,1,5
2185,56,5,2,0,1
2186,66,2,2,0,1
2187,64,6,3,0,5
2188,46,1,2,1,4
2189,28,7,2,1,3
2190,81,2,2,1,2
2191,52,8,2,1,2
2192,61,4,2,1,2
2193,31,8,3,0,2
2194,44,3,2,0,5
2195,25,6,2,1,4
2196,49,1,2,0,3
2197,40,5,2,0,5
2198,60,6,2,0,4
2199,70,5,2,1,1
2200,20,6,2,1,5
2201,68,7,2,0,2
2202,41,7,2,1,2
2203,67,9,3,1,5
2204,80,9,2,0,1
2205,78,8,2,1,3
2206,28,1,2,0,3
2207,67,7,3,0,2
2208,36,7,2,0,1
2209,63,8,1,1,4
2210,57,9,2,1,3
2211,40,7,2,1,2
2212,35,9,3,0,3
2213,76,5,3,1,3
2214,78,5,2,0,2
2215,77,4,3,1,5
2216,20,6,1,0,2
2217,78,4,3,0,2
2218,66,8,2,0,4
2219,65,7,2,1,4
2220,29,1,2,0,3
2221,66,7,2,1,1
2222,26,8,2,0,4
2223,16,2,3,0,2
2224,21,5,3,1,5
2225,72,1,2,0,3
2226,83,6,2,1,5
2227,42,2,3,0,4
2228,62,7,1,1,4
2229,30,6,2,0,5
2230,36,8,3,0,1
2231,60,7,2,1,3
2232,40,7,1,1,1
2233,24,8,2,1,2
2234,78,3,2,0,2
2235,70,2,2,0,3
2236,54,1,3,0,2
2237,25,3,3,1,2
2238,16,6,3,1,4
2239,63,7,3,1,1
2240,16,9,2,1,1
2241,76,4,2,0,3
2242,27,7,3,0,3
2243,52,8,2,1,2
2244,25,3,3,0,2
2245,57,9,3,1,3
2246,59,1,3,1,5
2247,59,4,3,1,1
2248,72,3,3,0,3
2249,37,6,1,1,1
2250,70,9,3,0,3
2251,66,1,3,1,4
2252,74,7,1,0,3
2253,37,4,3,1,1
2254,38,1,2,1,2
2255,70,1,2,1,4
2256,30,8,2,1,4
2257,46,9,2,1,5
2258,76,7,2,0,4
2259,21,2,1,1,1
2260,35,9,2,0,5
2261,62,3,2,1,3
2262,58,8,1,1,1
2263,31,4,3,1,2
2264,46,1,2,1,4
2265,76,4,2,0,4
2266,85,6,3,1,4
2267,79,2,2,0,2
2268,39,9,3,1,5
2269,56,8,2,1,1
2270,56,4,3,0,4
2271,79,5,1,0,3
2272,16,6,2,1,2
2273,33,8,2,0,3
2274,43,7,2,1,4
2275,65,5,2,0,2
2276,30,5,2,1,4
2277,61,3,3,0,1
2278,61,8,2,1,4
2279,19,1,2,0,5
2280,36,8,2,1,2
2281,80,9,2,0,1
2282,27,8,2,1,2
2283,32,6,2,1,5
2284,54,3,3,0,2
2285,33,9,3,0,1
2286,74,9,2,1,2
2287,58,6,2,1,2
2288,68,5,2,0,5
2289,76,5,2,0,3
2290,39,6,2,1,5
2291,73,9,3,1,1
2292,36,2,2,0,4
2293,23,6,3,1,1
2294,53,4,3,0,3
2295,44,3,2,0,1
2296,58,9,3,0,1
2297,79,1,1,0,4
2298,27,5,2,1,4
2299,43,6,2,1,2
2300,48,1,1,1,3
2301,45,6,1,1,4
2302,69,6,2,1,3
2303,70,3,2,0,3
2304,39,3,2,1,1
2305,75,9,3,0,2
2306,22,7,3,1,4
2307,55,7,2,0,1
2308,17,5,2,0,5
2309,41,2,2,1,2
2310,16,3,2,1,5
2311,42,1,2,1,5
2312,50,1,2,0,4
2313,73,6,2,1,2
2314,70,7,2,0,1
2315,60,5,3,0,5
2316,62,7,3,1,3
2317,26,1,3,0,1
2318,51,9,3,0,4
2319,24,3,3,1,5
2320,65,6,2,0,1
2321,58,9,2,0,4
2322,66,5,2,1,2
2323,76,6,2,1,5
2324,30,8,3,1,1
2325,79,3,3,1,1
2326,19,1,3,1,5
2327,49,7,2,1,2
2328,51,3,3,1,5
2329,74,5,2,0,3
2330,77,5,2,1,3
2331,72,1,3,1,1
2332,57,6,2,0,2
2333,67,6,3,1,4
2334,65,8,3,0,1
2335,33,1,3,1,4
2336,22,1,3,1,2
2337,24,9,2,1,4
2338,22,1,3,1,1
2339,28,3,1,0,5
2340,71,5,2,1,3
2341,20,7,3,1,3
2342,26,9,3,1,4
2343,72,4,3,1,1
2344,31,4,2,1,2
2345,62,9,3,0,5
2346,22,6,1,0,5
2347,80,7,2,0,1
2348,75,8,2,0,2
2349,71,4,3,0,4
2350,81,1,2,0,5
2351,54,5,2,1,3
2352,27,8,3,1,3
2353,72,4,3,0,4
2354,25,5,2,1,1
2355,50,1,1,1,1
2356,71,1,2,1,4
2357,69,8,2,1,3
2358,29,4,1,0,3
2359,42,1,3,0,3
2360,58,4,2,1,1
2361,72,7,2,0,3
2362,63,6,1,0,2
2363,31,5,2,0,1
2364,82,9,3,1,4
2365,26,5,3,0,4
2366,52,8,3,0,1
2367,71,3,2,1,5
2368,46,9,2,1,2
2369,53,8,3,0,5
2370,44,5,2,1,4
2371,48,4,2,1,4
2372,17,4,2,1,1
2373,57,6,2,0,3
2374,19,4,2,0,1
2375,77,7,2,0,4
2376,63,6,2,0,3
2377,37,5,2,1,5
2378,22,4,2,0,5
2379,68,2,3,1,3
2380,78,4,3,1,5
2381,65,5,2,1,5
2382,27,1,3,1,5
2383,64,5,3,1,1
2384,42,7,2,0,1
2385,50,1,2,1,5
2386,66,8,2,0,1
2387,76,7,1,1,5
2388,85,6,2,1,5
2389,68,8,2,0,4
2390,49,6,3,0,4
2391,42,3,2,1,2
2392,47,5,2,0,5
2393,36,3,3,0,4
2394,34,3,2,1,2
2395,51,5,2,0,5
2396,32,5,3,0,1
2397,85,6,2,0,4
2398,81,7,3,1,4
2399,41,3,3,0,5
2400,59,8,2,0,4
2401,52,5,2,1,2
2402,84,2,2,0,2
2403,61,8,3,0,1
2404,45,2,2,1,2
2405,33,7,2,1,3
2406,53,9,1,0,3
2407,16,3,2,0,3
2408,46,6,2,1,1
2409,44,2,2,1,3
2410,71,5,2,0,4
2411,28,7,2,0,3
2412,37,1,2,0,5
2413,26,1,3,0,4
2414,58,6,2,0,4
2415,32,1,3,1,3
2416,35,5,1,0,2
2417,29,9,2,0,1
2418,74,8,3,0,3
2419,62,8,2,0,5
2420,80,5,3,0,2
2421,54,3,2,1,5
2422,37,9,2,0,5
2423,41,9,1,1,5
2424,40,6,1,1,2
2425,70,5,2,0,3
2426,46,9,3,0,5
2427,26,7,3,1,3
2428,48,1,3,0,5
2429,63,9,2,1,5
2430,65,4,2,1,3
2431,36,9,1,1,2
2432,83,7,2,0,5
2433,39,5,2,1,2
2434,59,4,2,1,5
2435,29,4,3,0,5
2436,40,9,3,1,2
2437,45,5,3,1,5
2438,85,9,2,1,4
2439,37,2,3,0,3
2440,16,5,2,1,4
2441,76,1,3,0,5
2442,15,3,2,1,5
2443,45,6,2,0,1
2444,16,8,3,0,3
2445,28,6,1,1,2
2446,34,7,2,1,1
2447,68,4,2,1,3
2448,69,7,3,0,1
2449,49,5,1,0,3
2450,34,5,2,1,5
2451,23,1,2,0,5
2452,66,6,2,1,4
2453,81,6,3,0,2
2454,29,6,2,1,1
2455,66,5,3,0,3
2456,63,4,2,1,2
2457,79,1,2,0,3
2458,79,5,3,1,1
2459,16,7,2,1,4
2460,51,8,3,0,1
2461,18,2,1,1,1
2462,44,5,2,0,1
2463,78,4,2,0,3
2464,54,7,3,1,5
2465,54,5,2,1,3
2466,19,2,2,1,1
2467,16,2,3,0,4
2468,32,5,3,0,5
2469,83,4,3,1,2
2470,18,5,3,0,3
2471,38,9,3,0,4
2472,73,8,3,1,4
2473,84,7,2,0,3
2474,36,4,2,0,3
2475,50,5,3,1,1
2476,68,6,2,0,1
2477,65,9,2,0,3
2478,56,6,2,0,4
2479,74,7,2,1,2
2480,58,3,3,0,4
2481,42,6,2,1,5
2482,25,5,2,1,2
2483,59,1,3,1,4
2484,57,1,2,1,3
2485,39,7,2,0,4
2486,33,6,2,1,1
2487,52,1,2,0,4
2488,47,7,3,1,4
2489,59,7,3,0,3
2490,77,5,3,1,4
2491,69,5,1,0,1
2492,27,4,2,0,5
2493,60,9,2,0,4
2494,70,5,2,1,3
2495,23,5,1,0,3
2496,40,9,3,0,5
2497,76,6,1,0,3
2498,20,5,3,1,3
2499,27,9,2,1,4
2500,64,9,3,0,4
2501,37,7,3,0,3
2502,70,8,1,1,3
2503,83,7,2,0,4
2504,57,1,3,1,4
2505,41,9,2,0,1
2506,65,6,2,1,5
2507,20,1,2,1,4
2508,73,6,1,0,2
2509,38,5,2,1,5
2510,34,4,2,0,2
2511,24,1,1,0,5
2512,38,5,3,0,2
2513,35,5,2,0,2
2514,56,3,3,1,4
2515,75,8,3,1,4
2516,50,4,3,1,3
2517,20,9,2,0,2
2518,73,6,2,1,1
2519,16,5,1,0,5
2520,63,2,2,1,5
2521,67,9,2,1,4
2522,25,4,3,1,4
2523,20,5,3,0,1
2524,68,1,2,0,2
2525,50,3,2,0,3
2526,62,5,3,1,4
2527,40,9,1,1,3
2528,83,6,2,1,2
2529,38,1,2,1,3
2530,40,8,2,1,1
2531,55,9,1,1,3
2532,82,9,2,1,3
2533,48,5,2,0,3
2534,25,5,3,0,1
2535,60,8,2,0,1
2536,39,7,2,1,4
2537,83,3,2,0,1
2538,65,4,1,0,5
2539,73,7,3,0,2
2540,24,2,3,1,4
2541,16,7,2,0,1
2542,78,8,1,1,5
2543,70,2,1,1,4
2544,52,7,2,1,2
2545,65,5,3,0,4
2546,56,2,2,0,4
2547,17,1,2,0,2
2548,27,5,2,0,1
2549,24,2,2,1,4
2550,72,3,3,1,4
2551,72,4,3,1,3
2552,80,8,2,0,3
2553,51,6,3,0,4
2554,80,7,3,1,5
2555,54,4,2,1,5
2556,46,5,2,1,5
2557,36,5,2,0,3
2558,26,7,2,1,1
2559,53,9,3,1,5
2560,54,6,3,1,3
2561,35,6,3,0,3
2562,81,6,3,0,5
2563,83,7,2,1,3
2564,19,2,2,1,2
2565,70,8,3,1,4
2566,47,3,3,0,3
2567,64,4,2,0,2
2568,19,4,1,0,3
2569,59,7,2,0,3
2570,70,5,2,0,5
2571,32,7,2,0,1
2572,47,2,2,0,4
2573,64,2,2,0,5
2574,40,5,2,1,2
2575,23,5,3,1,2
2576,48,3,2,1,1
2577,63,7,2,0,1
2578,33,7,3,0,5
2579,31,5,3,0,3
2580,63,2,2,0,1
2581,17,4,2,0,5
2582,70,1,3,0,1
2583,42,8,3,0,4
2584,52,4,2,0,4
2585,74,4,2,0,4
2586,66,3,3,1,1
2587,15,5,2,0,2
2588,35,7,1,0,2
2589,38,2,3,0,1
2590,77,9,2,1,5
2591,42,7,3,1,4
2592,44,4,2,1,5
2593,18,7,3,0,4
2594,75,4,2,1,1
2595,34,6,2,1,5
2596,68,9,1,1,3
2597,46,7,3,0,4
2598,49,9,2,0,5
2599,72,4,3,1,5
2600,38,3,2,0,4
2601,65,8,3,0,4
2602,46,7,3,1,1
2603,56,7,2,1,1
2604,68,3,2,0,5
2605,19,7,2,0,5
2606,15,8,2,1,3
2607,32,8,2,1,1
2608,49,2,3,0,4
2609,52,5,2,0,5
2610,24,6,1,0,3
2611,62,3,1,1,3
2612,44,4,2,0,3
2613,52,3,2,1,4
2614,53,6,1,1,5
2615,26,7,2,0,4
2616,57,5,2,0,2
2617,66,7,3,0,1
2618,16,2,2,0,4
2619,44,3,2,0,5
2620,46,6,3,0,5
2621,22,4,2,0,5
2622,16,3,3,1,2
2623,29,2,1,0,3
2624,61,7,2,1,3
2625,16,3,3,0,5
2626,62,7,2,0,2
2627,41,2,3,0,2
2628,48,4,2,0,1
2629,58,4,2,1,1
2630,63,4,1,0,3
2631,30,7,2,1,1
2632,41,5,1,0,5
2633,80,2,1,1,2
2634,79,6,2,0,5
2635,54,8,1,0,4
2636,29,4,2,1,1
2637,28,9,3,0,2
2638,60,4,3,1,1
2639,35,1,2,1,2
2640,42,6,3,0,2
2641,43,4,3,1,1
2642,58,4,2,1,3
2643,83,1,2,0,4
2644,64,4,2,1,2
2645,31,9,2,0,5
2646,75,9,3,0,4
2647,70,5,2,0,5
2648,44,9,2,0,4
2649,36,1,2,0,4
2650,58,6,2,1,5
2651,21,7,2,1,5
2652,72,5,3,0,3
2653,55,2,2,0,4
2654,69,2,2,1,4
2655,43,8,1,0,2
2656,31,6,3,0,1
2657,28,4,2,1,4
2658,37,3,3,0,2
2659,37,5,2,0,2
2660,33,3,2,1,2
2661,59,4,2,1,5
2662,61,3,2,0,4
2663,29,4,1,1,3
2664,23,7,2,1,2
2665,40,2,2,1,4
2666,77,8,3,1,1
2667,22,7,1,0,4
2668,77,5,2,1,4
2669,20,6,1,0,3
2670,77,7,1,1,4
2671,73,8,2,1,4
2672,16,1,3,0,4
2673,53,2,1,1,4
2674,21,8,3,0,3
2675,17,9,3,1,5
2676,53,5,3,0,1
2677,36,6,1,1,4
2678,56,1,2,1,1
2679,20,7,2,1,4
2680,30,2,2,0,2
2681,53,4,2,0,3
2682,21,6,2,0,2
2683,22,5,3,0,2
2684,59,9,2,1,5
2685,18,7,3,1,2
2686,58,9,3,0,1
2687,35,6,2,0,5
2688,73,8,2,1,1
2689,53,9,2,1,4
2690,37,7,2,1,2
2691,44,5,2,0,2
2692,65,6,2,1,3
2693,49,7,1,0,1
2694,35,2,1,0,5
2695,40,1,3,1,2
2696,55,9,3,0,1
2697,28,9,2,0,1
2698,51,7,1,1,2
2699,29,3,2,1,5
2700,34,2,2,0,4
2701,52,6,2,1,1
2702,36,3,2,1,1
2703,26,7,2,0,1
2704,34,1,2,0,2
2705,25,7,3,1,5
2706,48,5,1,0,3
2707,60,4,2,0,1
2708,73,3,3,1,2
2709,45,6,2,1,4
2710,60,7,2,0,1
2711,76,3,2,1,3
2712,42,8,3,1,2
2713,51,7,2,1,3
2714,17,7,1,1,5
2715,54,9,2,1,1
2716,52,8,3,1,4
2717,38,6,3,0,5
2718,71,2,2,1,3
2719,77,7,3,1,3
2720,40,7,2,1,2
2721,64,8,2,1,5
2722,74,7,2,1,3
2723,84,6,3,0,3
2724,80,7,2,0,5
2725,61,7,1,1,4
2726,59,5,2,0,1
2727,85,7,3,1,4
2728,28,1,2,0,1
2729,85,5,3,1,3
2730,51,4,3,1,4
2731,58,5,2,0,3
2732,30,4,1,1,4
2733,85,8,1,0,3
2734,33,8,2,1,5
2735,66,6,1,0,2
2736,71,6,1,0,3
2737,35,9,3,0,4
2738,56,9,2,0,2
2739,55,1,3,1,1
2740,82,6,2,1,2
2741,65,7,3,0,4
2742,40,5,2,0,1
2743,15,5,3,1,1
2744,62,3,3,0,5
2745,18,5,2,0,4
2746,56,9,2,1,1
2747,30,9,2,0,5
2748,17,8,2,1,1
2749,25,2,3,1,4
2750,65,9,2,0,1
2751,36,4,3,1,1
2752,33,8,3,0,5
2753,45,6,2,0,2
2754,61,5,3,0,3
2755,73,4,2,1,3
2756,76,3,2,1,2
2757,44,3,2,1,4
2758,84,1,3,0,3
2759,29,5,2,1,3
2760,17,4,3,0,5
2761,21,6,1,0,1
2762,49,6,3,0,3
2763,65,5,3,0,5
2764,55,4,2,1,2
2765,22,1,3,1,5
2766,25,9,2,1,2
2767,54,6,1,1,5
2768,18,9,3,1,2
2769,26,6,2,0,2
2770,40,7,2,1,5
2771,58,4,2,1,4
2772,55,8,1,1,5
2773,73,5,2,1,4
2774,21,5,1,1,2
2775,71,6,2,0,3
2776,41,2,3,1,2
2777,33,7,1,0,2
2778,59,3,3,1,1
2779,34,5,1,1,5
2780,17,3,3,0,1
2781,37,9,3,1,4
2782,16,5,2,0,2
2783,84,3,2,0,1
2784,48,6,2,0,5
2785,67,5,2,0,2
2786,26,4,2,0,5
2787,66,7,1,1,2
2788,26,6,2,0,5
2789,71,8,2,1,1
2790,56,5,2,1,4
2791,67,7,2,0,4
2792,67,2,2,0,5
2793,16,9,2,1,5
2794,18,9,2,1,4
2795,22,7,3,1,4
2796,23,6,3,1,2
2797,69,8,2,0,5
2798,64,2,2,0,1
2799,75,5,2,1,3
2800,16,7,2,0,2
2801,68,6,3,1,1
2802,78,3,1,0,1
2803,43,2,2,0,3
2804,21,3,2,1,1
2805,45,5,2,0,1
2806,53,3,2,0,5
2807,43,7,2,0,3
2808,77,9,2,0,3
2809,49,3,2,1,3
2810,24,2,2,1,1
2811,48,1,1,0,4
2812,35,8,2,0,1
2813,72,7,2,1,3
2814,54,4,3,1,2
2815,77,7,3,1,3
2816,73,1,2,1,1
2817,36,9,1,1,1
2818,60,5,2,0,3
2819,62,5,2,0,5
2820,20,6,3,1,3
2821,73,8,2,0,2
2822,47,4,2,0,4
2823,85,7,3,0,3
2824,83,2,3,1,5
2825,29,3,1,1,4
2826,16,8,2,1,4
2827,39,7,2,1,3
2828,33,9,3,0,4
2829,31,9,1,1,1
2830,47,6,2,1,4
2831,42,6,2,0,2
2832,77,1,2,0,2
2833,20,8,2,1,1
2834,82,9,1,0,4
2835,85,3,2,1,3
2836,67,4,2,0,1
2837,41,2,2,1,2
2838,58,6,3,1,1
2839,41,3,2,1,1
2840,21,8,2,0,2
2841,49,9,2,0,5
2842,16,8,2,0,4
2843,70,4,3,1,4
2844,37,1,2,0,4
2845,72,8,2,1,4
2846,41,5,2,0,3
2847,31,7,3,1,3
2848,82,1,3,0,1
2849,40,9,2,0,3
2850,58,6,2,0,3
2851,67,1,2,0,3
2852,35,8,1,0,5
2853,53,7,2,1,1
2854,31,5,2,1,5
2855,72,3,2,1,3
2856,59,1,3,0,2
2857,17,2,3,1,1
2858,27,6,3,0,5
2859,38,6,3,1,5
2860,78,3,3,0,2
2861,19,8,2,1,3
2862,61,5,2,0,2
2863,67,6,2,0,4
2864,54,4,2,0,3
2865,58,1,2,1,2
2866,64,5,3,0,5
2867,26,5,2,0,1
2868,63,9,3,0,1
2869,36,2,2,0,5
2870,77,4,3,1,3
2871,37,5,3,0,4
2872,72,4,2,0,5
2873,37,4,3,1,2
2874,54,5,3,0,1
2875,70,6,3,1,5
2876,36,9,2,0,1
2877,55,7,2,0,4
2878,39,6,3,1,3
2879,73,4,2,0,3
2880,55,8,2,0,4
2881,75,6,3,0,3
2882,59,3,3,1,4
2883,31,7,1,0,3
2884,37,7,1,1,4
2885,26,9,3,1,1
2886,26,3,3,0,2
2887,73,1,2,1,1
2888,37,3,2,1,1
2889,71,6,2,0,4
2890,79,7,1,0,2
2891,49,2,2,0,2
2892,24,6,3,0,5
2893,78,9,3,0,2
2894,49,8,3,1,4
2895,57,7,3,0,4
2896,48,2,2,1,5
2897,43,4,2,0,2
2898,16,2,1,0,4
2899,84,4,2,1,2
2900,31,3,2,0,5
2901,53,7,2,0,1
2902,21,7,2,1,3
2903,41,7,3,1,2
2904,73,4,2,1,2
2905,44,1,2,1,5
2906,29,1,2,0,1
2907,42,9,2,1,4
2908,18,5,2,0,2
2909,40,1,3,0,4
2910,55,4,2,0,4
2911,25,7,2,1,5
2912,62,2,3,0,3
2913,69,8,3,0,5
2914,74,3,3,0,4
2915,19,7,3,0,4
2916,23,2,2,1,3
2917,67,9,3,0,1
2918,26,8,3,1,1
2919,41,5,3,0,3
2920,22,6,2,0,3
2921,81,5,3,0,4
2922,65,5,2,0,5
2923,67,3,2,0,1
2924,79,6,3,0,3
2925,68,6,2,1,5
2926,66,4,1,0,5
2927,19,9,3,1,1
2928,20,2,2,1,3
2929,58,5,1,1,3
2930,71,5,1,0,4
2931,48,5,2,1,3
2932,65,1,2,1,4
2933,61,7,1,0,3
2934,68,9,1,1,4
2935,34,4,3,0,2
2936,32,7,3,1,3
2937,61,4,3,0,1
2938,47,2,2,0,2
2939,57,5,2,1,1
2940,62,2,2,0,3
2941,52,3,1,0,3
2942,17,6,2,0,5
2943,83,2,2,1,2
2944,47,2,2,1,5
2945,23,7,3,1,2
2946,16,5,2,1,2
2947,75,5,2,0,3
2948,73,8,2,0,2
2949,66,2,2,1,5
2950,23,9,3,0,1
2951,84,3,2,1,4
2952,42,8,2,0,2
2953,19,6,2,1,1
2954,75,8,1,1,5
2955,63,8,2,0,1
2956,60,7,3,1,5
2957,63,8,2,1,2
2958,53,6,3,0,3
2959,42,5,3,1,1
2960,37,8,3,0,4
2961,60,5,2,1,3
2962,47,8,3,1,2
2963,32,4,3,1,1
2964,51,4,1,0,5
2965,78,8,2,0,3
2966,56,4,3,1,5
2967,16,5,2,0,3
2968,74,9,3,1,1
2969,85,7,2,0,2
2970,77,7,3,0,1
2971,48,8,2,1,2
2972,15,9,2,1,3
2973,72,7,3,0,4
2974,81,4,3,1,4
2975,68,5,2,1,5
2976,65,7,2,1,3
2977,21,7,3,1,5
2978,84,3,2,0,5
2979,23,7,3,1,4
2980,25,5,2,1,2
2981,71,7,3,1,1
2982,80,7,3,1,1
2983,40,5,2,0,3
2984,20,6,3,0,4
2985,45,9,3,1,4
2986,19,7,2,0,3
2987,71,9,3,0,2
2988,40,1,3,1,3
2989,59,4,3,1,3
2990,15,3,2,0,4
2991,18,6,2,1,2
2992,58,2,3,1,1
2993,71,9,2,1,1
2994,80,5,3,1,1
2995,51,5,2,1,4
2996,18,6,2,0,1
2997,67,1,1,1,4
2998,48,3,2,1,5
2999,45,7,2,1,5
3000,79,6,3,1,5
3001,21,6,3,0,5
3002,82,5,2,0,3
3003,19,7,2,1,3
3004,82,9,1,0,2
3005,82,4,3,0,2
3006,52,6,2,0,5
3007,60,9,3,0,2
3008,80,1,3,0,5
3009,63,4,2,1,5
3010,47,7,2,0,3
3011,50,7,2,1,4
3012,26,6,2,0,1
3013,80,7,2,1,1
3014,51,7,2,1,3
3015,85,4,3,0,4
3016,15,6,1,1,3
3017,17,9,2,1,4
3018,75,6,2,0,5
3019,64,9,3,0,4
3020,45,3,2,1,2
3021,35,5,2,1,5
3022,62,8,2,1,1
3023,74,6,3,0,1
3024,19,9,3,1,5
3025,61,9,2,0,5
3026,72,1,2,1,2
3027,25,5,2,1,5
3028,59,7,1,0,2
3029,23,5,1,1,5
3030,59,8,2,1,3
3031,49,1,2,1,4
3032,25,7,2,0,4
3033,24,7,3,0,3
3034,53,4,3,0,3
3035,31,4,2,0,2
3036,46,7,2,1,2
3037,44,4,3,0,1
3038,27,9,3,1,3
3039,81,8,3,0,2
3040,67,6,3,1,1
3041,75,7,2,1,3
3042,22,7,2,1,4
3043,75,4,2,1,3
3044,16,7,3,0,5
3045,46,8,3,0,4
3046,27,3,3,1,3
3047,78,9,2,0,3
3048,23,7,2,0,5
3049,65,9,3,1,1
3050,74,2,3,1,4
3051,33,3,2,0,5
3052,57,5,2,1,1
3053,61,2,2,1,3
3054,16,9,2,1,2
3055,70,3,3,1,5
3056,64,1,2,1,1
3057,54,7,3,1,2
3058,55,6,3,1,4
3059,79,5,2,0,3
3060,70,7,3,1,2
3061,30,5,2,1,5
3062,30,6,2,0,1
3063,36,9,2,0,3
3064,19,2,3,1,1
3065,17,6,2,1,3
3066,42,8,3,0,3
3067,72,5,3,1,3
3068,79,5,3,0,4
3069,44,6,2,1,1
3070,32,5,2,1,2
3071,80,1,3,0,3
3072,49,9,2,0,1
3073,69,2,2,0,5
3074,60,6,3,1,4
3075,63,5,2,0,2
3076,78,6,2,0,4
3077,19,7,2,1,3
3078,32,7,2,1,5
3079,78,1,2,0,1
3080,24,5,1,0,4
3081,30,7,2,0,2
3082,25,9,3,0,2
3083,24,7,1,1,5
3084,61,5,2,0,2
3085,53,8,2,0,1
3086,20,7,2,0,2
3087,46,4,2,0,3
3088,73,8,3,1,1
3089,24,7,2,1,4
3090,30,8,3,0,1
3091,81,2,2,1,1
3092,19,8,2,0,1
3093,55,4,2,0,2
3094,32,5,1,1,3
3095,60,1,2,1,2
3096,22,5,3,0,4
3097,72,2,2,1,1
3098,54,7,2,1,2
3099,50,7,2,1,5
3100,34,5,2,1,2
3101,81,4,2,0,5
3102,24,8,2,1,1
3103,50,5,2,0,5
3104,83,4,3,0,2
3105,54,5,2,1,3
3106,36,6,2,0,2
3107,48,8,2,1,1
3108,24,9,2,1,3
3109,21,8,3,1,3
3110,49,1,2,0,4
3111,77,6,2,1,3
3112,63,9,2,1,1
3113,69,5,2,1,3
3114,49,3,2,1,3
3115,73,6,2,1,2
3116,61,9,2,0,3
3117,75,5,3,1,2
3118,81,5,2,0,1
3119,37,9,2,1,5
3120,83,5,1,1,2
3121,79,6,2,1,2
3122,83,4,2,1,3
3123,52,7,2,1,4
3124,66,9,2,1,5
3125,47,8,3,1,1
3126,36,7,1,0,4
3127,52,7,2,1,3
3128,28,9,2,1,3
3129,60,6,2,0,1
3130,61,9,3,1,1
3131,24,1,2,1,2
3132,64,9,2,1,4
3133,61,4,2,1,4
3134,73,3,3,1,5
3135,74,7,2,0,4
3136,24,5,2,0,1
3137,30,7,2,0,5
3138,35,5,2,1,3
3139,21,9,3,0,5
3140,58,1,2,0,4
3141,75,5,1,0,2
3142,52,5,3,0,1
3143,15,3,2,0,5
3144,15,9,2,0,1
3145,32,7,2,1,4
3146,22,2,2,1,2
3147,69,9,2,1,5
3148,79,9,2,0,3
3149,67,6,3,0,2
3150,28,8,2,1,2
3151,55,5,2,0,5
3152,54,7,2,1,2
3153,51,7,2,1,5
3154,70,9,2,1,2
3155,77,2,2,0,2
3156,53,8,2,0,5
3157,55,4,1,0,5
3158,65,4,3,0,4
3159,57,9,2,1,3
3160,71,8,3,0,5
3161,30,4,2,0,4
3162,32,1,3,0,4
3163,18,6,2,1,1
3164,57,7,1,1,3
3165,58,4,2,1,3
3166,54,7,3,1,3
3167,28,8,3,1,4
3168,35,6,2,1,2
3169,72,6,2,0,2
3170,61,6,3,1,2
3171,28,6,2,1,4
3172,45,9,2,1,3
3173,62,7,3,0,3
3174,54,9,2,0,5
3175,64,3,2,0,5
3176,78,6,3,1,5
3177,61,8,3,0,3
3178,71,2,3,1,3
3179,37,5,3,1,5
3180,18,4,3,0,5
3181,56,4,2,0,4
3182,24,7,3,1,1
3183,35,6,3,0,1
3184,83,7,2,0,4
3185,39,7,2,0,1
3186,42,7,1,0,2
3187,84,9,3,1,1
3188,55,2,2,1,4
3189,77,1,3,0,2
3190,68,2,3,1,5
3191,27,7,3,1,3
3192,46,4,2,1,2
3193,44,8,3,1,1
3194,36,5,2,0,2
3195,48,9,2,1,3
3196,29,7,3,1,1
3197,52,6,2,0,4
3198,65,1,2,0,1
3199,60,3,3,1,1
3200,68,9,3,1,1
3201,24,4,2,1,5
3202,45,8,3,0,1
3203,46,7,2,0,1
3204,67,4,2,0,2
3205,59,6,2,0,1
3206,22,3,3,1,1
3207,29,7,2,0,5
3208,59,5,1,0,5
3209,81,9,1,1,3
3210,53,7,2,0,4
3211,28,4,3,1,4
3212,36,7,1,1,4
3213,18,5,3,0,3
3214,54,5,3,1,4
3215,50,5,3,1,1
3216,29,4,3,1,4
3217,46,5,1,0,5
3218,19,5,3,0,1
3219,62,5,3,1,5
3220,75,9,3,0,2
3221,68,6,2,0,3
3222,61,4,2,0,2
3223,73,7,1,0,1
3224,27,7,2,1,3
3225,16,6,3,0,2
3226,53,9,1,0,1
3227,51,4,2,1,4
3228,30,5,3,0,2
3229,69,6,2,1,3
3230,80,2,2,1,1
3231,26,8,3,0,4
3232,67,9,2,0,4
3233,26,5,3,0,5
3234,77,3,3,1,4
3235,50,5,3,1,2
3236,81,6,2,1,4
3237,80,5,3,0,2
3238,57,6,2,1,1
3239,19,2,3,1,1
3240,74,2,1,1,2
3241,33,7,2,1,5
3242,44,3,2,0,2
3243,59,7,2,1,4
3244,67,8,2,1,3
3245,72,7,3,1,3
3246,21,9,3,0,5
3247,63,9,2,1,3
3248,85,7,3,0,4
3249,33,1,2,1,1
3250,73,8,2,1,4
3251,71,5,2,0,4
3252,42,9,2,0,3
3253,20,9,2,0,4
3254,30,9,3,0,5
3255,65,7,2,1,4
3256,81,5,2,1,5
3257,63,7,2,1,5
3258,67,7,3,0,3
3259,58,6,2,0,2
3260,17,5,2,1,5
3261,45,6,2,0,3
3262,15,5,3,0,4
3263,20,6,2,1,4
3264,43,2,2,0,4
3265,40,7,2,0,4
3266,60,5,2,0,2
3267,75,9,2,0,5
3268,31,8,2,1,2
3269,55,7,2,1,4
3270,23,9,1,0,4
3271,53,7,3,0,1
3272,19,8,2,0,5
3273,50,3,3,0,4
3274,65,5,2,0,5
3275,67,6,2,1,5
3276,69,7,3,0,5
3277,24,4,2,0,1
3278,77,3,2,0,3
3279,22,7,3,1,2
3280,22,4,2,1,4
3281,61,9,1,1,3
3282,73,2,2,1,4
3283,30,8,3,0,3
3284,58,3,2,1,5
3285,20,2,1,0,3
3286,56,9,2,0,5
3287,77,9,2,0,1
3288,28,5,2,0,5
3289,80,9,2,0,4
3290,65,9,2,0,4
3291,64,9,2,1,2
3292,57,1,2,1,4
3293,53,5,2,0,5
3294,63,4,2,0,3
3295,22,2,3,0,4
3296,39,8,3,0,1
3297,70,7,3,0,1
3298,69,5,1,0,4
3299,53,7,2,1,2
3300,39,7,2,0,5
3301,35,5,2,0,2
3302,83,4,3,1,4
3303,63,5,3,0,2
3304,35,7,2,1,4
3305,45,5,2,0,3
3306,34,7,2,1,4
3307,72,8,2,1,3
3308,63,8,3,1,5
3309,38,6,3,0,5
3310,41,8,3,0,5
3311,60,1,2,1,1
3312,34,8,1,0,2
3313,64,5,2,1,5
3314,59,4,3,1,1
3315,70,3,2,1,1
3316,40,3,3,0,4
3317,47,6,2,0,2
3318,79,5,2,0,4
3319,68,3,2,0,5
3320,76,5,2,0,4
3321,44,4,2,1,3
3322,54,1,2,0,5
3323,39,4,2,1,2
3324,78,6,3,0,4
3325,72,5,2,0,5
3326,21,3,2,1,1
3327,27,9,3,0,1
3328,62,5,3,0,4
3329,21,4,3,0,2
3330,39,1,3,0,2
3331,72,9,2,0,3
3332,18,7,2,1,2
3333,70,1,2,0,2
3334,41,1,2,1,3
3335,37,2,3,1,4
3336,76,3,2,0,4
3337,20,3,2,1,1
3338,54,5,3,0,4
3339,44,9,1,1,2
3340,76,3,3,1,2
3341,30,8,3,0,5
3342,65,7,3,1,3
3343,83,9,2,0,2
3344,24,7,2,1,2
3345,41,9,2,1,1
3346,17,4,1,1,1
3347,52,4,2,0,4
3348,25,3,2,1,3
3349,43,4,1,1,4
3350,78,9,1,0,4
3351,69,3,3,0,1
3352,45,5,2,1,3
3353,71,9,2,0,4
3354,81,2,2,1,3
3355,60,3,2,0,5
3356,63,7,2,0,3
3357,73,9,2,1,3
3358,53,5,2,0,2
3359,83,5,2,1,2
3360,40,7,2,1,4
3361,79,6,2,0,3
3362,32,5,1,1,2
3363,78,5,3,0,4
3364,66,9,3,0,2
3365,46,7,2,1,3
3366,18,2,2,1,1
3367,64,1,2,0,3
3368,29,3,3,1,4
3369,18,3,2,0,5
3370,42,7,2,1,3
3371,56,4,2,1,3
3372,55,9,3,0,1
3373,57,7,2,0,3
3374,32,6,2,1,1
3375,29,6,3,0,3
3376,22,2,2,1,3
3377,18,8,2,0,3
3378,41,6,2,0,1
3379,70,8,2,1,2
3380,23,3,3,1,5
3381,37,1,3,0,4
3382,63,9,2,1,2
3383,43,5,2,1,1
3384,63,5,2,0,2
3385,62,5,2,0,5
3386,52,5,3,1,3
3387,32,5,2,1,1
3388,34,6,2,1,2
3389,78,7,2,1,3
3390,24,5,2,0,3
3391,40,6,2,1,3
3392,37,5,2,1,3
3393,22,3,2,1,2
3394,38,5,3,0,2
3395,75,6,2,0,2
3396,57,6,2,0,2
3397,63,4,3,0,5
3398,34,1,3,0,5
3399,47,7,3,0,2
3400,29,5,2,1,5
3401,38,5,2,1,3
3402,85,5,3,0,2
3403,20,3,3,1,1
3404,30,5,2,1,3
3405,36,3,3,1,2
3406,40,5,3,1,5
3407,72,7,3,0,4
3408,74,9,2,1,1
3409,18,8,2,1,3
3410,57,2,2,1,1
3411,65,4,3,1,3
3412,70,7,2,1,1
3413,72,2,3,1,3
3414,33,3,3,1,4
3415,78,7,2,0,3
3416,85,8,3,1,3
3417,45,5,3,1,2
3418,69,9,3,1,2
3419,53,7,2,1,3
3420,53,7,2,0,2
3421,42,1,3,0,5
3422,55,6,2,1,1
3423,26,1,1,0,3
3424,62,5,3,0,4
3425,45,4,3,1,3
3426,76,6,3,0,4
3427,57,5,3,1,4
3428,35,4,2,1,5
3429,72,9,3,1,3
3430,80,7,2,0,3
3431,19,4,2,0,5
3432,38,5,1,1,2
3433,15,5,2,1,1
3434,73,8,2,1,3
3435,15,6,1,1,5
3436,34,3,2,1,4
3437,41,3,2,1,2
3438,50,4,2,1,4
3439,51,9,3,1,1
3440,80,9,3,0,5
3441,68,6,3,1,3
3442,22,9,3,1,2
3443,74,5,3,0,3
3444,58,2,2,1,3
3445,67,7,2,0,4
3446,59,5,2,1,3
3447,60,8,1,1,2
3448,77,2,3,0,5
3449,78,6,1,1,5
3450,46,5,3,1,3
3451,44,5,2,0,5
3452,16,5,3,1,4
3453,23,5,2,1,2
3454,17,6,2,0,3
3455,66,8,2,0,3
3456,39,8,2,0,4
3457,69,7,2,1,1
3458,72,9,2,0,2
3459,23,6,3,1,1
3460,73,4,2,0,3
3461,27,8,2,0,2
3462,48,5,3,1,3
3463,15,7,2,1,3
3464,59,5,2,0,1
3465,54,5,2,1,3
3466,38,9,3,1,5
3467,34,6,2,0,3
3468,77,5,1,1,5
3469,63,6,3,0,2
3470,77,2,3,0,5
3471,43,8,2,0,5
3472,19,4,3,0,3
3473,79,8,3,1,3
3474,37,2,2,0,3
3475,72,7,3,0,5
3476,21,7,3,0,2
3477,46,7,3,0,1
3478,55,2,1,0,3
3479,15,8,2,1,2
3480,80,1,2,1,5
3481,81,9,3,1,3
3482,18,6,3,0,5
3483,38,2,2,1,4
3484,78,8,3,1,5
3485,61,6,3,0,1
3486,24,5,2,1,3
3487,16,5,2,1,3
3488,78,5,2,0,3
3489,43,5,2,1,1
3490,77,2,2,0,5
3491,16,2,2,1,2
3492,80,5,2,1,5
3493,45,9,2,1,5
3494,38,3,2,0,4
3495,73,6,2,1,2
3496,43,8,2,1,1
3497,58,4,2,1,1
3498,72,5,2,1,1
3499,56,7,3,1,1
3500,75,5,2,1,3
3501,43,4,3,1,1
3502,63,9,2,1,3
3503,48,1,3,0,4
3504,49,3,2,0,5
3505,81,3,2,1,3
3506,53,8,2,1,1
3507,55,3,1,0,3
3508,39,2,2,1,5
3509,81,7,3,1,1
3510,41,9,3,1,4
3511,37,5,2,1,2
3512,77,6,3,1,3
3513,69,5,1,0,5
3514,17,7,3,0,1
3515,15,1,3,1,5
3516,69,9,3,0,2
3517,55,3,2,0,4
3518,85,6,2,1,2
3519,68,9,1,0,2
3520,19,5,2,0,4
3521,61,4,2,0,3
3522,31,1,2,1,2
3523,38,5,2,1,5
3524,44,5,2,1,5
3525,62,8,3,0,3
3526,80,5,2,0,4
3527,40,7,2,0,5
3528,32,7,3,1,2
3529,36,9,2,1,3
3530,64,7,3,1,3
3531,15,7,2,1,5
3532,73,3,2,0,5
3533,50,3,1,0,3
3534,69,6,2,0,3
3535,16,5,3,1,1
3536,22,8,2,0,2
3537,48,6,2,1,4
3538,68,6,3,1,1
3539,45,9,1,0,3
3540,61,5,3,1,2
3541,61,8,3,1,3
3542,23,8,2,0,4
3543,26,1,1,1,4
3544,46,7,2,0,1
3545,32,7,2,0,2
3546,76,5,1,1,2
3547,17,7,2,0,4
3548,79,9,2,1,1
3549,66,6,2,0,1
3550,19,5,2,0,4
3551,19,5,1,1,4
3552,43,5,2,1,2
3553,24,7,3,1,1
3554,36,7,2,0,4
3555,29,4,3,0,4
3556,46,5,3,0,4
3557,36,9,2,0,5
3558,85,3,2,0,4
3559,32,9,2,1,4
3560,29,7,2,0,2
3561,51,7,2,0,3
3562,45,3,2,0,5
3563,21,9,2,1,2
3564,80,6,2,0,4
3565,54,6,1,0,5
3566,82,1,3,0,5
3567,31,5,2,1,1
3568,22,5,3,0,2
3569,32,5,2,1,5
3570,61,8,3,1,3
3571,85,5,2,1,1
3572,51,1,2,1,5
3573,84,4,2,0,4
3574,46,2,3,0,3
3575,47,6,2,0,5
3576,22,1,2,1,4
3577,35,4,3,1,2
3578,47,6,3,0,2
3579,54,4,2,1,1
3580,24,5,2,0,5
3581,74,5,2,1,3
3582,28,2,3,1,2
3583,85,6,2,0,1
3584,74,4,3,0,5
3585,25,5,3,1,3
3586,27,7,2,1,1
3587,23,6,3,0,5
3588,84,4,2,1,3
3589,42,2,3,1,4
3590,61,8,2,0,3
3591,57,7,1,1,5
3592,32,7,2,0,5
3593,79,7,3,1,2
3594,16,2,2,1,4
3595,33,8,2,1,2
3596,69,6,2,1,4
3597,83,7,2,1,3
3598,37,5,1,1,3
3599,73,8,2,0,3
3600,15,7,2,1,3
3601,57,9,3,0,1
3602,82,5,2,0,1
3603,61,6,3,0,4
3604,60,4,1,0,4
3605,15,6,2,0,2
3606,79,5,3,1,5
3607,18,4,2,0,1
3608,75,6,1,0,5
3609,26,9,3,0,4
3610,65,1,2,1,2
3611,55,8,1,0,5
3612,34,1,3,0,4
3613,30,7,2,0,2
3614,25,9,3,0,2
3615,32,5,3,0,5
3616,82,6,2,1,2
3617,21,7,3,0,3
3618,72,2,2,0,2
3619,67,9,3,0,5
3620,61,2,2,1,1
3621,20,9,2,0,5
3622,45,5,2,1,5
3623,65,8,2,1,1
3624,52,6,3,1,1
3625,72,2,2,0,1
3626,40,7,2,0,2
3627,60,5,2,0,3
3628,70,9,2,1,4
3629,75,9,2,1,4
3630,78,3,2,0,2
3631,23,5,3,1,2
3632,19,2,3,0,1
3633,30,6,2,0,1
3634,64,4,3,0,1
3635,76,2,2,0,1
3636,53,7,3,0,1
3637,66,5,2,0,2
3638,85,8,3,1,5
3639,22,4,2,1,3
3640,33,5,2,1,4
3641,26,9,2,0,4
3642,48,1,2,0,4
3643,55,7,3,1,1
3644,34,8,3,1,2
3645,69,4,2,0,1
3646,43,5,2,0,4
3647,30,5,2,0,5
3648,22,2,2,0,1
3649,26,8,2,0,2
3650,37,3,3,0,5
3651,23,1,3,1,3
3652,65,8,2,1,5
3653,74,5,2,0,5
3654,30,2,3,0,5
3655,49,6,2,1,5
3656,63,7,3,0,1
3657,62,7,3,0,3
3658,79,5,2,0,5
3659,37,1,2,0,1
3660,36,7,2,0,4
3661,21,3,2,0,3
3662,24,4,2,0,4
3663,15,8,3,0,1
3664,27,5,3,0,5
3665,46,5,2,0,5
3666,46,4,2,0,5
3667,66,8,2,1,1
3668,32,1,2,0,4
3669,22,3,2,0,5
3670,57,7,1,0,1
3671,49,1,2,1,5
3672,75,7,2,1,4
3673,65,3,3,0,4
3674,18,6,3,0,3
3675,25,8,3,0,5
3676,81,2,2,0,3
3677,40,9,3,0,1
3678,58,9,3,0,3
3679,25,4,3,1,3
3680,77,7,2,0,4
3681,39,7,3,0,3
3682,34,7,3,0,2
3683,52,7,1,1,4
3684,61,4,3,1,2
3685,59,7,3,1,4
3686,36,3,3,0,1
3687,48,7,3,1,4
3688,61,7,2,1,1
3689,35,3,2,0,2
3690,24,1,2,0,1
3691,77,9,1,1,1
3692,67,1,2,0,3
3693,78,8,2,1,4
3694,20,9,3,1,2
3695,44,5,1,0,2
3696,21,6,3,1,1
3697,26,1,2,0,5
3698,49,1,3,1,2
3699,29,9,3,1,2
3700,19,4,1,0,4
3701,35,1,2,1,2
3702,54,9,2,1,5
3703,46,5,2,1,1
3704,84,6,1,1,3
3705,50,5,2,1,2
3706,23,1,2,1,4
3707,58,9,2,1,3
3708,79,9,2,1,3
3709,56,2,1,0,1
3710,69,8,2,1,1
3711,78,6,3,1,5
3712,47,6,3,0,2
3713,74,4,2,0,2
3714,67,7,2,0,4
3715,24,5,2,0,5
3716,44,9,2,0,5
3717,70,4,3,0,5
3718,22,6,2,0,3
3719,50,4,2,1,3
3720,60,6,2,1,2
3721,64,7,3,1,1
3722,64,8,3,0,3
3723,33,9,1,1,1
3724,70,7,2,1,1
3725,25,5,2,1,5
3726,82,9,2,1,2
3727,20,9,1,0,2
3728,22,7,2,1,2
3729,40,5,2,0,2
3730,69,7,1,1,1
3731,18,6,3,0,1
3732,74,4,2,1,5
3733,24,8,3,1,3
3734,39,5,3,0,2
3735,48,1,3,0,2
3736,65,5,2,1,2
3737,73,3,2,0,2
3738,20,5,3,0,4
3739,74,3,2,0,4
3740,77,6,3,1,2
3741,43,2,2,1,3
3742,56,3,2,1,3
3743,59,6,2,0,5
3744,36,2,1,0,4
3745,51,6,2,1,2
3746,43,6,2,1,4
3747,57,7,3,0,4
3748,78,8,2,0,2
3749,77,7,2,1,3
3750,43,7,2,1,4
3751,82,8,2,1,2
3752,46,5,2,1,5
3753,58,7,3,1,4
3754,74,6,3,1,1
3755,15,8,2,1,5
3756,31,9,3,1,5
3757,60,4,2,0,2
3758,67,9,3,0,4
3759,46,5,3,0,5
3760,62,4,3,0,5
3761,58,7,2,1,5
3762,15,6,2,0,5
3763,40,4,3,0,5
3764,23,9,3,0,3
3765,30,6,2,1,4
3766,65,8,2,0,4
3767,56,4,3,0,3
3768,28,4,2,0,1
3769,61,5,2,0,5
3770,74,6,1,0,5
3771,60,7,3,1,5
3772,23,6,2,1,1
3773,21,9,3,1,4
3774,55,1,2,0,2
3775,32,7,3,1,3
3776,49,7,2,1,5
3777,41,4,2,1,3
3778,15,1,2,0,1
3779,67,4,2,0,5
3780,75,5,3,1,5
3781,83,3,2,1,3
3782,30,6,2,0,4
3783,62,4,2,0,4
3784,51,5,2,0,2
3785,20,8,2,0,3
3786,37,8,3,1,2
3787,45,3,2,1,2
3788,32,2,3,0,5
3789,35,6,3,0,2
3790,28,2,2,0,1
3791,67,2,3,1,1
3792,74,3,2,1,2
3793,65,6,2,1,5
3794,46,3,2,1,2
3795,29,4,3,1,3
3796,84,4,2,1,5
3797,58,8,2,1,4
3798,26,2,3,0,4
3799,61,1,3,0,4
3800,66,2,3,1,1
3801,60,1,3,0,3
3802,42,5,2,1,4
3803,85,5,2,1,4
3804,61,1,2,1,5
3805,77,3,3,0,1
3806,27,5,3,1,1
3807,79,7,2,1,1
3808,26,6,3,1,2
3809,15,4,2,0,5
3810,71,7,2,1,5
3811,28,1,2,1,3
3812,78,5,3,1,4
3813,51,5,2,0,4
3814,38,2,2,1,4
3815,44,1,3,1,4
3816,28,4,2,0,2
3817,60,3,1,1,5
3818,57,3,2,0,2
3819,24,4,3,0,5
3820,31,8,1,1,3
3821,19,6,1,1,2
3822,84,5,1,1,5
3823,19,7,2,1,2
3824,84,6,2,1,2
3825,57,4,2,0,4
3826,33,4,2,0,4
3827,30,8,2,0,2
3828,84,7,1,1,5
3829,45,4,2,0,5
3830,16,3,2,1,2
3831,50,1,3,1,3
3832,59,1,1,0,2
3833,71,6,2,1,4
3834,17,1,3,0,2
3835,78,9,3,1,2
3836,59,5,2,1,3
3837,85,6,2,1,2
3838,67,1,2,1,4
3839,81,7,2,1,5
3840,61,5,3,1,2
3841,77,9,2,0,2
3842,38,4,2,0,3
3843,40,5,3,1,2
3844,47,5,2,1,3
3845,75,6,2,0,1
3846,17,9,2,1,1
3847,53,3,2,0,1
3848,84,6,2,0,1
3849,61,7,3,1,3
3850,37,4,1,0,4
3851,61,8,2,0,1
3852,55,1,2,1,1
3853,80,5,2,1,3
3854,65,5,1,0,5
3855,63,7,2,0,2
3856,69,7,2,0,2
3857,20,1,3,1,4
3858,42,3,2,1,1
3859,20,9,1,1,3
3860,77,8,2,1,5
3861,78,4,2,1,3
3862,74,9,3,1,4
3863,48,9,2,1,1
3864,49,5,2,1,3
3865,46,7,1,0,5
3866,75,7,1,0,5
3867,39,1,2,0,1
3868,46,7,2,0,2
3869,83,8,3,0,5
3870,69,5,3,1,3
3871,26,2,2,1,4
3872,64,8,3,1,5
3873,71,9,3,0,5
3874,68,6,2,1,2
3875,80,4,2,0,5
3876,28,4,2,0,3
3877,52,3,3,0,3
3878,63,2,2,0,3
3879,63,7,2,0,4
3880,73,9,3,1,4
3881,15,7,2,1,3
3882,33,5,3,1,4
3883,81,4,2,0,3
3884,70,7,2,0,5
3885,58,3,2,1,2
3886,72,4,2,1,2
3887,15,3,2,0,5
3888,64,5,2,1,5
3889,82,6,2,1,4
3890,56,6,3,0,3
3891,44,8,3,1,2
3892,23,8,3,0,5
3893,59,5,3,1,1
3894,40,9,1,0,1
3895,52,4,1,1,1
3896,84,9,2,0,2
3897,59,5,2,1,3
3898,83,7,3,0,1
3899,55,5,3,0,3
3900,40,9,2,0,1
3901,22,6,3,1,4
3902,17,5,3,1,5
3903,75,6,2,1,4
3904,36,5,3,1,4
3905,54,1,2,1,2
3906,27,4,3,1,5
3907,37,7,2,0,4
3908,53,5,3,0,3
3909,57,8,3,1,2
3910,64,1,3,0,2
3911,53,5,3,1,2
3912,79,7,3,0,5
3913,58,5,2,1,5
3914,57,1,3,1,2
3915,16,6,3,0,5
3916,41,8,3,0,5
3917,32,4,3,1,3
3918,62,3,2,0,1
3919,50,5,3,0,2
3920,82,1,2,1,5
3921,36,5,3,0,2
3922,72,7,2,0,3
3923,35,7,2,0,3
3924,80,5,2,1,3
3925,55,7,1,0,3
3926,67,5,3,0,1
3927,46,9,2,0,1
3928,21,7,2,1,4
3929,84,2,2,1,3
3930,44,6,1,0,4
3931,20,9,2,0,1
3932,54,6,3,0,5
3933,26,6,3,0,5
3934,66,5,2,0,2
3935,46,6,3,1,3
3936,73,9,1,1,1
3937,57,6,3,1,3
3938,37,6,1,1,3
3939,39,4,3,0,1
3940,27,2,2,1,5
3941,39,7,2,1,2
3942,64,4,2,0,1
3943,82,3,2,0,3
3944,25,8,3,1,1
3945,45,6,3,0,5
3946,47,9,3,1,2
3947,74,9,3,1,3
3948,50,3,2,1,2
3949,19,9,1,1,3
3950,19,6,3,0,5
3951,84,9,2,0,5
3952,82,7,2,0,5
3953,19,4,3,1,3
3954,30,5,2,0,2
3955,62,7,3,0,2
3956,59,3,2,0,3
3957,74,1,2,1,1
3958,35,1,3,0,4
3959,26,1,2,0,5
3960,46,3,2,1,2
3961,32,9,3,0,3
3962,46,5,3,0,2
3963,67,9,1,1,1
3964,39,5,3,0,2
3965,67,9,2,1,3
3966,20,7,3,0,3
3967,81,5,3,1,2
3968,59,2,2,1,3
3969,80,6,1,1,4
3970,69,3,2,0,1
3971,31,2,3,1,3
3972,19,6,2,1,2
3973,53,3,3,0,5
3974,48,7,2,1,3
3975,45,7,3,1,5
3976,76,5,2,1,4
3977,23,5,3,1,4
3978,66,7,2,1,3
3979,41,3,2,0,3
3980,55,6,3,1,2
3981,28,3,2,1,4
3982,28,5,2,0,3
3983,79,3,3,1,3
3984,31,1,2,0,1
3985,15,4,2,0,5
3986,55,1,3,0,2
3987,30,7,3,0,2
3988,72,5,3,1,5
3989,25,5,3,1,4
3990,20,2,2,1,1
3991,44,9,3,0,5
3992,73,6,3,0,3
3993,25,7,2,1,3
3994,55,5,2,1,5
3995,36,3,1,0,2
3996,63,8,2,0,1
3997,65,4,2,0,2
3998,73,5,2,0,2
3999,85,7,3,0,3
4000,83,4,3,0,4
4001,79,1,2,1,5
4002,55,2,2,1,5
4003,56,9,2,1,4
4004,72,7,1,1,3
4005,18,4,2,0,1
4006,63,9,2,0,4
4007,55,1,2,0,3
4008,20,5,2,0,4
4009,31,4,3,0,2
4010,39,4,3,0,4
4011,76,3,3,0,2
4012,72,5,3,1,2
4013,33,6,2,0,1
4014,47,7,3,1,1
4015,60,5,2,0,3
4016,20,1,2,1,3
4017,66,5,3,0,5
4018,51,3,3,1,1
4019,29,5,2,0,3
4020,61,7,2,0,2
4021,73,3,3,0,5
4022,37,7,2,1,5
4023,41,7,3,1,2
4024,55,2,3,1,5
4025,74,4,3,0,5
4026,51,5,2,0,1
4027,70,5,2,1,4
4028,24,7,3,0,1
4029,55,1,2,0,4
4030,71,7,3,1,1
4031,67,6,2,1,1
4032,21,7,3,1,2
4033,34,3,1,0,1
4034,64,9,3,1,2
4035,71,4,2,0,1
4036,18,7,2,1,2
4037,55,7,3,0,1
4038,66,5,2,1,5
4039,19,3,2,1,2
4040,37,5,2,0,3
4041,42,7,3,0,4
4042,18,5,3,0,4
4043,27,2,3,0,5
4044,34,4,2,1,1
4045,85,9,3,0,2
4046,18,1,2,0,3
4047,34,5,2,1,4
4048,85,7,1,1,1
4049,28,1,3,1,2
4050,47,9,3,1,4
4051,28,8,3,0,2
4052,41,4,2,0,3
4053,82,2,2,1,2
4054,18,3,2,0,3
4055,30,6,3,1,1
4056,81,2,3,0,4
4057,84,3,2,1,2
4058,48,8,2,1,4
4059,45,4,2,0,1
4060,16,5,2,0,5
4061,23,8,2,0,2
4062,68,6,2,1,1
4063,47,9,3,0,2
4064,78,3,2,0,3
4065,79,3,2,1,3
4066,27,8,3,1,3
4067,34,6,2,0,1
4068,52,8,2,1,4
4069,75,5,2,0,4
4070,50,8,2,0,3
4071,58,7,2,0,4
4072,77,5,2,1,5
4073,58,6,3,0,1
4074,62,8,3,1,4
4075,49,3,2,1,3
4076,44,8,3,0,4
4077,63,6,2,1,5
4078,18,6,3,0,5
4079,28,5,2,0,2
4080,55,6,2,1,3
4081,48,5,3,0,2
4082,18,4,2,0,4
4083,74,5,3,1,5
4084,42,2,3,0,2
4085,85,7,2,0,1
4086,33,3,3,0,1
4087,16,1,2,0,4
4088,44,7,2,1,4
4089,39,5,3,0,5
4090,72,8,3,1,5
4091,72,5,3,1,2
4092,81,7,2,0,4
4093,34,2,2,0,1
4094,40,8,2,0,4
4095,83,2,2,0,2
4096,81,5,2,1,3
4097,63,3,2,1,3
4098,52,4,2,0,2
4099,42,6,3,1,4
4100,42,1,2,1,2
4101,67,6,3,0,2
4102,61,5,3,0,3
4103,66,6,2,0,1
4104,43,7,1,1,2
4105,18,7,2,1,4
4106,54,1,2,1,2
4107,77,5,2,1,1
4108,75,5,2,0,5
4109,38,6,2,0,1
4110,75,5,2,1,4
4111,66,5,2,1,4
4112,37,5,1,1,1
4113,20,1,3,0,4
4114,31,6,2,0,1
4115,60,3,3,1,5
4116,59,1,2,1,5
4117,42,7,2,0,5
4118,55,2,2,0,3
4119,65,7,3,0,4
4120,15,5,1,0,1
4121,30,1,1,0,5
4122,82,7,2,0,5
4123,31,6,2,1,3
4124,16,2,2,1,3
4125,72,5,2,1,3
4126,56,7,2,1,3
4127,21,6,2,0,1
4128,19,8,3,1,3
4129,66,7,2,0,1
4130,80,4,3,0,4
4131,41,3,2,1,2
4132,77,6,2,0,3
4133,52,6,3,1,4
4134,57,1,3,1,4
4135,73,6,2,0,5
4136,73,7,3,0,5
4137,35,4,1,0,2
4138,62,7,2,0,4
4139,36,5,2,1,5
4140,52,4,3,0,4
4141,41,8,3,1,4
4142,28,5,1,1,1
4143,34,6,2,0,3
4144,32,8,1,1,1
4145,67,5,2,0,3
4146,71,7,2,0,5
4147,83,9,2,1,1
4148,24,6,3,0,1
4149,61,4,2,1,5
4150,66,4,3,0,2
4151,18,7,2,1,3
4152,74,5,2,0,4
4153,59,4,2,0,1
4154,45,6,2,1,4
4155,80,5,3,0,2
4156,57,7,3,0,5
4157,16,2,2,1,2
4158,84,7,2,0,3
4159,37,7,1,1,3
4160,71,7,1,0,1
4161,36,7,2,0,3
4162,23,5,2,0,2
4163,59,6,3,0,3
4164,60,5,2,0,2
4165,34,4,2,0,5
4166,43,3,3,0,2
4167,24,7,2,0,2
4168,46,6,3,0,3
4169,70,6,2,0,5
4170,30,5,2,0,3
4171,44,6,2,0,5
4172,62,1,3,0,4
4173,36,6,2,1,3
4174,31,7,3,0,2
4175,46,5,3,0,4
4176,16,2,2,1,3
4177,58,7,2,0,4
4178,29,9,2,1,5
4179,70,6,2,1,3
4180,82,5,2,0,2
4181,30,5,2,1,3
4182,32,5,1,0,2
4183,20,3,2,1,2
4184,77,4,3,1,4
4185,26,8,2,1,1
4186,36,9,3,0,5
4187,59,9,1,1,5
4188,68,7,3,1,5
4189,25,6,3,1,1
4190,65,8,1,0,3
4191,54,5,2,1,5
4192,64,9,3,0,2
4193,27,7,3,1,2
4194,50,8,3,0,2
4195,41,9,2,0,2
4196,19,5,2,1,3
4197,47,8,3,0,2
4198,23,4,3,1,1
4199,49,5,2,1,1
4200,28,7,1,0,5
4201,15,1,2,1,4
4202,55,9,2,0,2
4203,16,8,3,1,5
4204,58,5,3,0,3
4205,58,6,2,1,3
4206,73,8,3,1,3
4207,22,6,3,1,1
4208,39,4,2,1,5
4209,30,8,3,0,1
4210,15,9,3,1,1
4211,19,2,3,0,2
4212,22,7,2,1,5
4213,40,4,3,0,5
4214,38,4,2,0,5
4215,16,6,3,1,2
4216,49,2,2,0,5
4217,39,4,2,0,3
4218,67,7,1,0,4
4219,44,6,2,1,5
4220,73,4,3,1,3
4221,51,2,3,1,1
4222,78,5,2,0,2
4223,48,5,1,0,5
4224,21,5,2,0,2
4225,27,4,2,0,5
4226,55,9,3,1,3
4227,34,5,2,1,3
4228,22,1,2,0,4
4229,85,2,3,1,4
4230,24,6,3,1,4
4231,40,4,3,0,4
4232,28,5,3,1,5
4233,38,5,3,1,3
4234,75,3,3,0,5
4235,66,7,2,0,1
4236,73,8,2,0,4
4237,26,6,3,0,3
4238,60,6,2,1,5
4239,40,5,2,1,5
4240,73,3,2,1,1
4241,49,6,2,1,1
4242,58,7,2,0,1
4243,21,7,2,0,2
4244,38,2,2,0,4
4245,67,5,2,0,1
4246,55,1,2,0,3
4247,17,5,1,1,4
4248,33,7,3,0,1
4249,25,9,2,1,1
4250,72,8,2,1,4
4251,37,8,3,1,2
4252,72,6,3,1,1
4253,30,7,3,1,1
4254,27,1,3,1,3
4255,30,6,2,1,5
4256,39,6,3,0,5
4257,32,9,3,0,4
4258,72,7,1,1,5
4259,72,6,3,0,5
4260,29,7,2,0,4
4261,52,6,2,1,3
4262,80,7,2,1,3
4263,15,5,1,0,3
4264,33,7,2,0,1
4265,66,5,2,0,5
4266,85,7,2,1,2
4267,78,9,2,1,5
4268,49,4,2,0,2
4269,81,7,2,1,2
4270,80,9,3,1,4
4271,83,6,2,0,3
4272,30,7,2,0,1
4273,79,7,2,1,3
4274,43,7,1,0,1
4275,15,6,3,0,2
4276,49,5,2,1,5
4277,18,7,2,1,1
4278,55,5,2,0,2
4279,63,5,3,1,2
4280,59,6,3,0,2
4281,44,1,3,0,3
4282,55,5,2,1,5
4283,26,5,2,0,1
4284,60,5,1,1,1
4285,53,1,1,0,2
4286,21,5,2,0,1
4287,53,9,2,0,5
4288,44,7,2,1,2
4289,34,7,3,0,5
4290,27,9,2,0,4
4291,43,7,2,0,3
4292,47,6,3,0,2
4293,59,9,3,1,3
4294,77,8,3,0,5
4295,42,7,2,1,5
4296,27,6,2,1,5
4297,47,9,2,1,5
4298,66,8,2,1,4
4299,38,4,2,0,4
4300,15,9,3,1,2
4301,59,6,1,1,3
4302,83,7,3,1,2
4303,83,4,3,0,5
4304,84,3,2,1,5
4305,50,3,2,0,4
4306,53,4,2,1,5
4307,29,9,2,0,1
4308,65,9,1,1,1
4309,85,4,2,0,3
4310,44,9,3,0,1
4311,82,8,3,0,2
4312,32,6,3,1,3
4313,43,6,3,0,1
4314,74,5,2,0,4
4315,22,9,2,1,4
4316,34,6,2,1,2
4317,76,4,2,1,3
4318,48,4,2,0,4
4319,39,6,2,1,2
4320,36,4,2,0,3
4321,47,8,3,1,3
4322,44,5,3,0,5
4323,16,4,3,0,2
4324,16,3,2,0,5
4325,69,5,3,0,3
4326,74,2,3,1,2
4327,81,5,1,0,3
4328,65,1,3,0,3
4329,27,3,2,0,1
4330,63,5,3,0,5
4331,39,6,2,1,5
4332,51,7,3,1,4
4333,41,6,2,1,5
4334,70,2,3,0,4
4335,52,4,3,0,2
4336,72,5,3,0,2
4337,30,6,2,1,4
4338,79,7,2,1,1
4339,55,2,3,1,2
4340,24,7,2,0,2
4341,17,4,3,0,1
4342,70,5,2,0,2
4343,51,5,3,1,3
4344,20,4,3,1,4
4345,37,9,2,0,3
4346,78,9,2,0,1
4347,59,6,3,1,2
4348,65,9,1,1,4
4349,33,9,2,0,5
4350,29,6,1,1,2
4351,54,3,3,0,5
4352,64,7,2,0,1
4353,24,8,2,1,3
4354,77,8,3,1,1
4355,16,3,2,0,4
4356,67,3,3,1,3
4357,76,9,2,0,2
4358,76,7,2,0,5
4359,52,2,2,0,2
4360,27,9,2,1,5
4361,76,1,2,1,1
4362,41,6,3,1,1
4363,54,5,2,0,4
4364,17,2,3,1,4
4365,57,5,3,0,1
4366,40,2,1,0,1
4367,20,8,2,0,1
4368,15,7,2,1,5
4369,43,6,1,1,5
4370,70,8,1,0,4
4371,84,7,3,1,3
4372,62,8,2,0,5
4373,23,1,2,0,5
4374,32,1,3,1,3
4375,79,1,1,0,2
4376,83,1,2,0,5
4377,65,9,3,1,4
4378,55,1,2,0,4
4379,76,1,2,0,3
4380,24,2,2,1,2
4381,39,7,3,0,5
4382,66,6,2,0,1
4383,55,7,2,1,2
4384,19,1,2,0,4
4385,26,6,3,0,2
4386,76,4,3,1,2
4387,27,5,2,0,2
4388,85,2,2,0,2
4389,40,7,3,0,1
4390,65,5,3,1,2
4391,44,6,3,1,2
4392,69,9,2,1,2
4393,36,6,3,1,3
4394,35,2,3,0,4
4395,46,7,3,0,1
4396,50,2,2,1,4
4397,85,4,3,0,1
4398,19,4,3,0,3
4399,34,5,2,1,4
4400,84,7,1,0,3
4401,47,7,1,1,5
4402,50,5,2,1,4
4403,62,7,3,1,2
4404,36,7,3,0,5
4405,82,7,1,1,2
4406,77,9,3,0,2
4407,55,7,2,1,5
4408,23,7,1,0,4
4409,67,1,2,0,1
4410,49,6,2,0,4
4411,66,9,2,0,4
4412,53,1,2,0,3
4413,68,3,2,0,4
4414,36,5,3,0,3
4415,75,4,2,1,4
4416,82,5,2,0,4
4417,30,1,3,0,3
4418,39,8,1,1,5
4419,45,7,3,1,3
4420,47,3,3,0,1
4421,53,5,2,1,1
4422,44,8,3,0,1
4423,36,8,3,1,5
4424,53,6,2,0,5
4425,30,7,2,1,1
4426,44,6,2,0,5
4427,32,2,2,1,1
4428,65,5,2,1,3
4429,54,3,3,0,2
4430,15,5,2,0,2
4431,78,1,3,1,3
4432,28,5,1,1,3
4433,18,9,3,1,4
4434,17,6,3,1,1
4435,28,3,2,0,3
4436,43,8,1,1,4
4437,68,6,1,0,3
4438,81,9,3,1,1
4439,21,4,2,1,4
4440,52,5,3,1,5
4441,31,1,2,1,1
4442,68,9,2,1,5
4443,15,6,2,1,1
4444,37,7,2,0,5
4445,21,1,2,0,5
4446,29,1,3,1,2
4447,60,5,3,1,3
4448,30,1,2,0,5
4449,76,3,3,0,4
4450,77,5,2,1,2
4451,75,5,3,1,5
4452,60,7,3,1,2
4453,27,4,3,0,2
4454,25,7,2,0,3
4455,58,3,2,0,3
4456,67,2,1,1,2
4457,47,2,2,1,1
4458,63,6,2,0,3
4459,68,7,2,0,2
4460,43,5,3,1,1
4461,71,1,3,1,3
4462,73,8,3,0,3
4463,17,6,2,1,2
4464,41,7,2,0,2
4465,31,6,3,0,5
4466,57,7,3,0,5
4467,41,4,2,1,2
4468,55,5,2,0,2
4469,42,9,1,1,5
4470,34,6,1,0,3
4471,24,9,2,1,3
4472,61,8,2,0,4
4473,58,6,1,0,4
4474,30,6,3,0,3
4475,69,5,3,0,1
4476,70,7,2,1,4
4477,19,4,2,0,2
4478,54,7,2,1,2
4479,60,9,3,1,4
4480,77,6,3,1,4
4481,72,9,2,1,3
4482,34,1,2,1,2
4483,33,9,2,1,3
4484,65,7,2,1,1
4485,39,8,3,1,4
4486,66,6,2,1,4
4487,45,5,3,0,5
4488,40,2,3,0,1
4489,50,1,1,1,5
4490,74,3,2,0,5
4491,22,7,2,0,5
4492,72,6,3,0,5
4493,34,1,2,1,4
4494,61,2,2,0,5
4495,37,9,2,0,4
4496,68,7,3,1,4
4497,73,4,2,1,4
4498,50,9,3,0,1
4499,34,6,3,0,3
4500,58,2,2,0,3
4501,67,6,2,1,4
4502,81,5,3,1,1
4503,73,6,2,1,4
4504,60,5,2,1,4
4505,81,7,2,0,1
4506,51,7,1,0,1
4507,54,1,3,0,4
4508,41,4,2,1,3
4509,47,4,1,0,2
4510,76,4,1,0,5
4511,63,6,2,0,4
4512,48,5,3,1,4
4513,44,4,3,1,1
4514,45,9,2,1,3
4515,21,5,1,0,1
4516,56,7,2,1,2
4517,30,5,3,0,2
4518,25,4,2,1,2
4519,41,5,2,1,3
4520,82,4,2,0,5
4521,55,4,1,1,3
4522,80,5,2,1,1
4523,30,3,1,1,2
4524,34,3,3,1,1
4525,76,4,2,0,3
4526,80,5,3,1,5
4527,69,1,2,0,3
4528,55,4,3,1,5
4529,64,9,3,1,2
4530,32,6,3,1,4
4531,69,8,2,0,1
4532,81,4,3,1,1
4533,27,6,2,0,2
4534,33,5,3,1,3
4535,40,4,2,0,4
4536,62,9,3,0,3
4537,71,7,2,0,5
4538,77,9,2,1,5
4539,70,6,2,0,3
4540,27,6,2,0,2
4541,62,6,2,0,5
4542,74,4,2,0,5
4543,23,9,3,0,1
4544,44,7,2,1,3
4545,24,7,2,1,1
4546,84,3,2,1,4
4547,15,7,2,0,3
4548,25,7,2,0,1
4549,55,9,2,0,2
4550,67,7,2,0,3
4551,82,7,2,1,4
4552,16,1,2,0,4
4553,15,3,2,1,2
4554,49,1,3,0,1
4555,48,5,2,0,5
4556,55,3,3,1,1
4557,51,7,2,1,3
4558,73,5,2,1,2
4559,49,5,3,1,4
4560,24,7,2,0,2
4561,17,7,2,1,5
4562,44,5,2,1,4
4563,77,8,3,1,1
4564,38,1,2,1,2
4565,28,5,2,1,3
4566,77,1,2,0,1
4567,79,4,2,0,1
4568,57,5,2,1,5
4569,29,2,2,1,1
4570,84,5,2,0,4
4571,67,5,2,1,2
4572,61,8,2,1,3
4573,16,4,3,0,2
4574,33,6,3,0,3
4575,18,9,2,0,3
4576,34,6,2,1,2
4577,69,4,2,0,4
4578,35,9,3,1,2
4579,81,6,2,0,3
4580,83,1,2,0,4
4581,60,4,3,0,5
4582,30,9,2,0,3
4583,28,8,2,0,2
4584,74,5,2,0,3
4585,35,5,3,1,4
4586,67,2,2,1,5
4587,18,5,3,1,4
4588,60,4,2,1,5
4589,37,1,2,1,5
4590,31,5,2,1,3
4591,74,6,2,1,5
4592,80,9,2,0,2
4593,15,8,2,0,4
4594,25,5,2,0,3
4595,74,7,3,1,2
4596,41,6,3,1,5
4597,60,6,2,1,5
4598,67,1,3,1,2
4599,52,3,2,1,4
4600,55,1,3,0,5
4601,47,7,2,1,2
4602,60,9,3,1,3
4603,27,6,2,1,4
4604,19,5,2,0,1
4605,25,3,2,0,3
4606,52,4,3,1,4
4607,69,7,2,0,2
4608,74,5,3,1,1
4609,22,5,1,1,4
4610,84,3,2,1,1
4611,45,5,3,1,3
4612,69,8,2,1,1
4613,41,7,1,1,4
4614,56,8,2,0,5
4615,26,9,3,1,3
4616,77,5,2,1,3
4617,15,3,3,1,5
4618,36,9,3,1,4
4619,54,9,3,0,3
4620,66,2,2,1,3
4621,85,4,3,1,2
4622,15,6,2,1,4
4623,49,1,2,1,1
4624,64,5,3,0,4
4625,59,8,1,1,4
4626,67,6,3,0,5
4627,23,8,3,1,1
4628,60,5,2,1,3
4629,38,7,2,1,4
4630,53,5,2,1,2
4631,68,6,3,0,2
4632,29,7,1,1,5
4633,29,6,2,0,5
4634,84,7,3,0,2
4635,72,9,2,0,3
4636,72,5,2,1,2
4637,64,1,2,1,5
4638,44,3,2,1,1
4639,34,1,2,0,2
4640,17,8,3,1,4
4641,47,5,1,0,5
4642,44,5,3,1,4
4643,80,4,3,0,5
4644,60,4,2,1,3
4645,60,3,2,0,3
4646,75,9,2,0,2
4647,55,3,3,1,1
4648,83,2,2,1,1
4649,61,9,2,1,3
4650,24,8,2,0,5
4651,46,3,2,0,1
4652,79,8,2,1,4
4653,23,5,2,1,1
4654,20,1,2,1,5
4655,56,1,3,1,4
4656,32,9,2,1,3
4657,82,5,2,0,3
4658,76,3,2,1,2
4659,82,7,2,1,2
4660,18,6,2,0,2
4661,53,7,2,0,2
4662,47,3,2,0,2
4663,58,4,3,1,3
4664,29,8,3,0,3
4665,54,4,3,0,2
4666,34,6,2,0,4
4667,43,3,3,0,1
4668,80,7,3,0,2
4669,64,6,2,1,1
4670,30,3,2,0,4
4671,71,4,2,0,2
4672,23,7,1,1,3
4673,20,8,2,0,2
4674,68,4,2,0,4
4675,41,4,2,0,4
4676,44,9,3,1,5
4677,49,7,3,1,3
4678,30,9,3,1,5
4679,81,5,3,0,1
4680,47,6,2,1,3
4681,25,5,2,1,4
4682,82,4,2,1,1
4683,24,8,2,0,2
4684,16,6,3,1,1
4685,38,5,2,1,1
4686,47,6,3,0,4
4687,35,6,2,1,3
4688,83,8,2,0,3
4689,81,2,2,1,4
4690,49,5,1,1,3
4691,61,8,2,1,4
4692,85,2,2,1,5
4693,73,4,3,0,4
4694,85,4,3,1,2
4695,58,8,3,1,5
4696,72,7,1,0,3
4697,50,9,2,0,3
4698,63,3,2,1,4
4699,53,5,2,1,4
4700,44,6,2,0,1
4701,58,7,2,1,2
4702,60,5,1,0,5
4703,15,7,1,1,3
4704,31,6,2,0,5
4705,51,6,2,1,3
4706,46,5,1,0,5
4707,42,6,2,1,2
4708,21,2,2,0,4
4709,23,7,2,1,1
4710,64,5,3,1,5
4711,37,5,3,1,2
4712,47,8,2,1,2
4713,48,4,3,0,5
4714,50,4,2,0,5
4715,17,8,2,1,3
4716,70,3,2,0,5
4717,22,4,1,1,5
4718,36,6,3,1,5
4719,71,7,2,0,3
4720,18,1,2,1,5
4721,76,3,2,1,1
4722,74,4,3,0,2
4723,51,5,3,0,1
4724,37,2,3,1,5
4725,72,6,2,1,4
4726,46,5,2,0,2
4727,29,5,2,0,4
4728,68,4,2,0,1
4729,56,6,2,0,1
4730,51,5,3,0,3
4731,78,4,2,1,5
4732,15,4,3,0,4
4733,29,1,2,1,4
4734,16,2,2,0,3
4735,49,5,2,1,2
4736,24,2,3,1,5
4737,30,2,3,1,5
4738,18,1,2,1,4
4739,49,6,2,0,1
4740,43,5,3,0,4
4741,78,2,2,1,4
4742,54,8,2,1,1
4743,69,7,3,0,1
4744,46,6,2,1,2
4745,66,3,1,1,3
4746,30,6,2,0,4
4747,44,9,2,1,1
4748,47,3,2,1,5
4749,36,1,1,1,3
4750,80,8,2,1,4
4751,31,1,3,1,3
4752,43,6,2,1,2
4753,72,5,2,0,3
4754,81,9,3,0,1
4755,28,6,2,1,1
4756,18,2,3,0,2
4757,50,7,2,1,4
4758,39,2,2,0,4
4759,75,2,2,0,3
4760,61,2,2,0,5
4761,24,2,2,0,2
4762,56,4,1,0,3
4763,22,7,2,1,2
4764,46,7,2,1,3
4765,81,5,1,0,3
4766,68,1,3,0,3
4767,53,9,3,1,2
4768,46,2,2,1,4
4769,33,9,2,0,5
4770,49,4,2,0,4
4771,19,3,2,0,1
4772,54,9,3,0,2
4773,32,2,3,1,4
4774,73,6,2,0,4
4775,21,1,2,1,5
4776,70,1,3,0,2
4777,84,5,3,0,1
4778,22,5,1,0,3
4779,33,5,2,1,3
4780,16,1,3,1,3
4781,34,7,2,0,1
4782,15,1,2,1,4
4783,27,7,2,1,2
4784,25,8,3,1,4
4785,56,7,1,1,3
4786,67,5,3,1,5
4787,71,9,2,0,4
4788,67,8,1,1,2
4789,74,7,3,1,1
4790,25,4,3,0,3
4791,23,6,3,0,5
4792,20,6,3,0,5
4793,59,7,3,0,4
4794,57,4,1,0,1
4795,59,5,3,0,2
4796,66,3,2,1,1
4797,50,7,1,1,4
4798,15,2,1,1,2
4799,37,6,2,1,1
4800,23,3,3,0,2
4801,42,8,2,0,5
4802,38,1,2,0,3
4803,20,7,3,1,1
4804,42,7,2,1,5
4805,64,5,1,0,1
4806,35,7,2,1,3
4807,61,8,1,1,5
4808,62,7,3,0,3
4809,36,6,2,0,1
4810,43,3,2,0,5
4811,15,7,2,0,2
4812,30,9,3,1,3
4813,75,6,2,1,2
4814,42,7,2,1,3
4815,53,8,2,0,3
4816,76,4,2,1,2
4817,45,4,3,1,4
4818,36,7,2,0,1
4819,15,6,3,0,5
4820,72,9,2,0,4
4821,53,5,3,1,2
4822,38,1,2,1,1
4823,82,4,3,1,5
4824,52,7,3,1,2
4825,21,7,2,1,1
4826,64,5,3,0,1
4827,70,4,2,1,1
4828,36,6,3,1,4
4829,68,5,2,1,2
4830,39,4,3,0,2
4831,20,2,2,0,4
4832,51,7,2,1,1
4833,44,1,2,0,4
4834,28,1,2,1,4
4835,49,6,2,0,2
4836,47,5,2,1,2
4837,51,5,2,1,1
4838,57,6,1,0,2
4839,65,7,2,1,3
4840,56,6,3,1,5
4841,39,9,2,1,3
4842,22,7,3,1,2
4843,25,1,2,1,3
4844,22,6,2,0,5
4845,77,4,2,1,5
4846,22,1,2,0,2
4847,49,6,1,0,1
4848,25,2,3,1,5
4849,29,7,2,0,2
4850,79,7,2,0,1
4851,67,1,3,1,1
4852,52,7,3,1,1
4853,80,6,2,0,1
4854,59,2,2,0,5
4855,31,1,2,1,5
4856,79,4,2,0,2
4857,32,9,2,0,4
4858,36,3,2,1,1
4859,63,6,2,1,2
4860,50,7,1,0,5
4861,57,7,3,0,2
4862,68,8,3,0,5
4863,32,5,2,1,5
4864,19,4,2,0,4
4865,68,4,2,1,2
4866,43,8,3,1,2
4867,50,5,3,1,5
4868,81,7,2,1,3
4869,53,1,1,1,1
4870,21,6,3,1,5
4871,24,7,3,0,5
4872,67,7,3,1,3
4873,65,5,3,1,5
4874,15,5,3,0,4
4875,17,7,3,1,5
4876,48,7,2,0,4
4877,71,6,3,1,2
4878,54,1,2,0,1
4879,40,6,2,0,2
4880,72,1,3,0,2
4881,18,4,2,1,3
4882,24,7,2,1,4
4883,31,7,1,0,4
4884,45,3,2,1,1
4885,65,4,2,0,2
4886,18,2,1,1,4
4887,40,2,2,1,5
4888,73,8,2,0,3
4889,27,1,3,0,1
4890,56,7,2,1,2
4891,26,3,2,1,5
4892,41,9,2,1,2
4893,15,4,3,1,3
4894,28,1,3,0,5
4895,68,1,1,0,5
4896,15,9,1,1,2
4897,42,4,3,0,4
4898,41,7,2,1,3
4899,27,2,2,0,4
4900,63,5,2,0,4
4901,81,7,2,1,4
4902,46,2,2,0,1
4903,55,6,3,0,5
4904,22,6,2,1,4
4905,75,7,3,1,2
4906,45,7,3,1,4
4907,58,5,3,0,4
4908,46,7,2,1,3
4909,66,4,1,1,5
4910,21,8,2,1,3
4911,34,6,3,0,2
4912,16,7,2,1,3
4913,53,8,2,1,2
4914,50,8,3,0,4
4915,79,3,2,0,1
4916,83,3,2,0,3
4917,60,6,2,1,2
4918,34,5,3,1,2
4919,55,5,2,1,3
4920,80,3,3,1,2
4921,40,7,3,0,5
4922,29,5,3,0,2
4923,82,9,3,0,3
4924,43,8,3,0,3
4925,64,5,2,0,3
4926,84,5,3,1,3
4927,54,9,2,1,5
4928,50,7,2,0,5
4929,30,5,2,0,5
4930,69,5,3,0,2
4931,38,5,3,0,3
4932,53,4,3,0,2
4933,39,5,2,0,1
4934,66,4,2,1,5
4935,47,6,2,0,1
4936,82,9,3,0,1
4937,43,6,2,1,5
4938,18,5,2,0,2
4939,59,1,3,1,1
4940,36,4,2,1,4
4941,59,3,3,0,3
4942,63,9,3,1,4
4943,61,3,1,0,1
4944,82,7,2,0,1
4945,67,7,3,1,4
4946,40,6,2,1,1
4947,48,3,2,0,2
4948,17,4,3,1,5
4949,58,6,3,1,1
4950,73,9,2,1,5
4951,25,5,2,0,2
4952,38,5,2,0,4
4953,37,6,2,0,1
4954,81,9,2,1,3
4955,25,7,2,0,3
4956,73,5,2,1,4
4957,62,5,2,0,1
4958,80,1,3,0,1
4959,78,6,2,1,5
4960,47,6,2,1,1
4961,45,4,3,1,2
4962,18,6,2,1,5
4963,48,9,3,0,4
4964,79,6,3,1,1
4965,29,4,2,1,1
4966,24,8,2,1,5
4967,64,4,2,1,5
4968,46,7,2,0,2
4969,38,2,2,0,2
4970,20,3,2,0,3
4971,26,4,3,1,1
4972,46,3,1,1,3
4973,61,2,2,1,3
4974,66,7,2,1,3
4975,35,6,2,0,5
4976,70,3,3,1,2
4977,75,6,3,0,2
4978,62,6,2,1,3
4979,54,5,3,0,3
4980,48,5,2,0,2
4981,73,5,2,0,3
4982,80,9,2,1,2
4983,35,3,3,0,4
4984,32,9,3,0,2
4985,82,5,3,1,3
4986,22,6,2,0,1
4987,63,1,2,0,2
4988,18,4,2,1,2
4989,53,7,2,1,5
4990,63,3,2,0,2
4991,32,6,2,1,2
4992,85,1,1,1,1
4993,27,6,2,0,4
4994,44,9,2,1,2
4995,57,2,2,1,2
4996,42,5,2,1,5
4997,28,9,1,0,2
4998,85,6,3,1,1
4999,29,3,2,1,1
5000,80,6,2,0,2
