id,age,income,educ,gender,vacc_b,treat
1,37,9,2,1,3,1
2,84,4,2,1,3,2
3,18,7,3,1,1,2
4,69,5,1,1,5,2
5,84,1,2,0,3,1
6,21,6,2,1,5,0
7,21,4,2,0,3,1
8,69,8,2,0,1,2
9,57,9,3,1,4,1
10,75,6,3,0,5,2
11,26,2,3,0,1,2
12,65,7,3,0,4,0
13,32,1,3,1,1,1
14,39,9,3,1,5,2
15,16,5,2,0,5,2
16,65,4,2,0,1,1
17,82,1,2,1,4,0
18,82,5,2,0,1,2
19,66,7,3,0,1,1
20,62,9,3,1,5,1
21,46,3,2,1,1,2
22,53,8,2,1,4,2
23,30,7,3,0,1,1
24,80,5,3,1,2,0
25,84,2,2,1,4,2
26,59,2,1,0,4,1
27,44,8,1,1,3,2
28,44,9,3,1,3,2
29,43,9,3,0,5,0
30,45,2,2,1,1,0
31,68,7,2,1,3,2
32,55,4,2,0,2,0
33,55,6,2,1,5,1
34,38,9,2,1,4,2
35,57,6,2,1,1,0
36,21,7,2,0,4,0
37,77,9,2,1,4,1
38,79,9,2,0,2,1
39,23,4,2,1,1,2
40,34,4,2,0,2,0
41,28,7,2,1,1,2
42,17,7,2,1,1,2
43,50,3,3,1,2,0
44,41,9,2,1,4,0
45,60,2,1,0,3,1
46,73,3,2,0,4,1
47,60,7,2,0,5,2
48,83,9,3,1,1,0
49,61,8,3,1,1,1
50,69,6,2,0,5,2
51,61,6,3,1,3,1
52,82,4,3,0,5,1
53,26,5,2,0,3,2
54,65,7,2,1,1,0
55,30,3,1,0,1,0
56,70,8,3,1,5,1
57,36,6,1,1,4,1
58,67,9,2,0,4,2
59,17,2,1,1,4,1
60,19,7,2,1,3,0
61,58,4,2,0,4,2
62,42,7,2,1,4,0
63,66,4,1,1,4,0
64,39,2,3,0,1,1
65,56,5,2,1,3,1
66,29,5,2,1,2,2
67,71,4,2,0,1,0
68,56,2,3,1,3,1
69,51,5,3,1,3,2
70,40,7,2,0,5,0
71,38,4,3,1,2,1
72,26,5,3,0,1,0
73,23,7,2,1,1,1
74,69,9,3,0,2,2
75,77,6,2,1,4,1
76,49,5,2,1,1,0
77,72,6,2,0,2,1
78,40,1,2,0,3,0
79,62,9,2,0,3,0
80,51,3,2,1,1,1
81,32,5,2,0,1,2
82,80,8,3,1,1,1
83,33,8,1,1,5,0
84,37,6,2,1,5,1
85,40,7,2,1,3,1
86,19,7,2,1,2,2
87,54,9,3,1,1,2
88,78,6,2,1,3,1
89,68,5,2,0,3,1
90,56,8,3,0,4,0
91,17,3,3,1,2,2
92,52,4,1,0,5,0
93,57,5,3,1,1,2
94,18,7,3,1,3,0
95,64,1,3,0,3,2
96,26,5,2,1,2,1
97,74,8,2,1,4,2
98,59,4,2,1,5,2
99,51,8,1,0,5,2
100,82,5,2,0,4,2
101,40,5,3,0,5,1
102,41,4,2,0,4,2
103,45,6,2,1,1,1
104,60,6,2,1,4,0
105,85,4,2,0,2,0
106,35,5,2,1,4,2
107,53,8,2,0,1,1
108,79,9,2,0,1,2
109,30,4,2,0,3,2
110,22,9,2,0,1,2
111,24,5,2,0,1,0
112,83,5,2,0,3,2
113,44,4,2,1,1,1
114,85,7,2,0,2,0
115,63,3,2,0,1,1
116,16,1,3,1,5,1
117,25,8,2,0,4,1
118,61,1,2,0,1,2
119,15,5,2,1,5,0
120,46,5,2,1,3,2
121,27,4,3,1,3,2
122,76,3,3,0,3,0
123,25,7,3,1,2,2
124,72,9,2,1,4,1
125,28,9,3,1,2,2
126,56,4,2,1,5,2
127,34,5,2,1,2,2
128,78,6,2,1,1,0
129,29,9,2,1,3,0
130,34,9,2,1,1,1
131,64,2,2,1,3,2
132,61,8,2,0,4,0
133,69,8,2,1,1,0
134,32,3,2,0,3,2
135,67,5,1,0,3,1
136,25,7,3,1,2,0
137,36,1,3,0,2,2
138,66,3,3,1,5,1
139,53,6,2,0,5,2
140,45,6,1,1,3,2
141,60,1,3,1,2,2
142,78,1,3,1,2,0
143,33,7,2,1,4,1
144,25,8,2,1,1,0
145,34,7,3,1,2,1
146,60,5,2,0,2,0
147,42,6,2,1,1,2
148,30,7,2,0,3,0
149,83,1,1,1,4,1
150,21,9,3,0,4,1
151,70,6,3,0,2,0
152,51,5,2,0,1,1
153,19,7,2,0,5,1
154,60,6,2,1,3,0
155,34,7,2,1,3,1
156,70,5,2,0,5,1
157,79,8,3,1,2,2
158,50,8,3,0,3,2
159,52,5,3,0,1,2
160,70,5,1,0,3,1
161,57,7,2,1,5,2
162,25,3,3,0,2,0
163,75,4,3,1,5,1
164,33,5,1,1,2,2
165,56,5,2,1,5,0
166,28,4,2,1,3,1
167,72,4,3,1,5,1
168,17,8,3,0,5,2
169,57,4,3,0,1,2
170,22,5,2,0,4,0
171,72,9,1,0,4,1
172,34,7,2,0,4,0
173,69,5,3,1,4,1
174,39,5,1,0,5,0
175,62,1,2,0,2,1
176,56,9,2,0,3,1
177,62,1,2,1,5,0
178,53,4,2,1,3,2
179,77,5,3,0,3,0
180,21,5,2,1,3,2
181,55,1,1,0,1,1
182,33,6,1,1,1,2
183,63,1,3,1,2,2
184,63,6,2,0,2,2
185,16,3,2,1,4,0
186,68,1,2,0,2,1
187,70,9,2,0,4,1
188,26,5,2,0,1,0
189,50,1,3,1,4,1
190,23,3,2,0,1,0
191,15,2,3,1,3,0
192,27,2,3,1,4,1
193,69,9,2,0,2,1
194,57,9,2,1,3,2
195,55,7,2,0,1,2
196,85,7,2,0,2,2
197,83,7,2,0,5,0
198,83,1,2,1,4,0
199,75,7,2,1,5,2
200,72,7,2,0,2,1
201,52,5,1,1,5,2
202,22,1,3,0,5,2
203,59,5,2,1,5,2
204,49,2,2,0,1,0
205,21,7,3,0,3,1
206,16,4,2,1,4,2
207,69,2,3,1,2,1
208,70,8,3,1,3,1
209,61,6,2,1,2,1
210,22,7,2,0,5,1
211,41,7,2,0,2,2
212,42,5,1,1,2,0
213,26,4,2,0,4,1
214,53,8,2,1,5,0
215,18,5,2,1,4,1
216,57,6,2,0,3,1
217,54,8,3,1,2,1
218,32,6,3,1,4,1
219,82,7,2,1,1,2
220,31,7,2,1,4,0
221,27,7,2,0,1,1
222,37,1,3,1,3,2
223,39,6,2,1,3,0
224,16,7,2,0,5,0
225,36,5,1,0,5,2
226,85,4,3,1,2,1
227,70,4,2,0,2,1
228,26,7,2,0,1,0
229,15,4,2,1,2,1
230,64,7,3,0,1,2
231,19,2,2,1,4,0
232,54,9,2,0,2,2
233,77,1,2,1,5,1
234,47,6,2,1,3,0
235,16,9,3,0,4,2
236,77,5,2,0,3,1
237,54,1,2,0,4,1
238,51,7,3,0,5,0
239,30,1,2,0,2,2
240,65,1,3,0,4,0
241,35,7,2,1,3,2
242,32,4,3,1,4,2
243,59,8,2,1,4,2
244,28,8,2,1,5,0
245,59,8,3,1,2,2
246,19,5,2,1,2,0
247,30,9,2,0,4,1
248,71,3,3,0,3,1
249,40,7,2,0,1,1
250,51,1,2,0,5,1
251,15,7,2,1,2,0
252,73,4,2,0,2,2
253,80,6,3,0,2,0
254,60,4,2,0,2,0
255,35,1,3,0,1,2
256,83,6,3,0,4,1
257,66,3,3,1,5,1
258,74,1,2,0,5,1
259,45,5,3,1,1,1
260,55,1,2,0,1,0
261,18,7,3,0,2,0
262,20,5,3,0,3,2
263,16,6,3,0,3,0
264,46,4,3,0,1,1
265,35,1,2,0,4,2
266,72,9,2,1,4,2
267,27,2,2,1,4,0
268,31,9,3,0,2,1
269,39,5,2,1,5,1
270,61,1,3,0,4,0
271,39,5,3,0,3,1
272,41,4,2,1,3,0
273,62,3,3,1,3,2
274,58,6,3,1,3,2
275,24,1,3,1,3,2
276,72,6,3,0,1,1
277,84,9,3,0,5,1
278,44,3,2,0,3,2
279,21,5,3,1,3,0
280,78,3,2,0,4,2
281,80,5,2,0,4,2
282,53,4,2,1,3,2
283,19,6,2,1,4,0
284,29,2,2,0,3,0
285,18,3,2,0,4,2
286,74,4,2,0,4,1
287,40,4,2,0,5,0
288,30,4,3,0,3,0
289,47,5,2,1,1,0
290,56,2,2,0,1,0
291,36,1,2,1,5,0
292,34,5,1,0,3,0
293,59,8,2,1,4,2
294,73,2,2,0,2,0
295,61,3,2,1,3,0
296,18,4,3,1,1,1
297,25,6,2,1,3,0
298,72,9,2,0,3,0
299,34,7,3,0,2,2
300,48,4,2,0,5,0
301,41,9,3,0,3,1
302,37,9,2,0,3,0
303,23,8,2,1,1,2
304,15,5,1,0,3,1
305,54,7,2,1,5,2
306,53,7,3,0,5,0
307,72,1,2,1,3,0
308,41,5,3,1,4,0
309,34,7,3,0,1,2
310,71,5,3,0,5,2
311,83,7,3,0,5,2
312,54,3,1,1,1,2
313,63,5,3,0,5,2
314,77,4,2,1,3,0
315,78,9,2,0,1,1
316,51,2,2,1,5,0
317,45,4,2,0,5,0
318,35,7,2,0,3,2
319,20,1,2,1,1,0
320,69,6,3,1,1,0
321,79,7,3,0,1,0
322,59,7,3,0,3,2
323,40,6,2,0,5,2
324,83,4,2,1,5,2
325,56,6,3,0,2,2
326,83,7,3,0,3,2
327,32,8,3,0,5,1
328,48,3,1,1,2,0
329,32,7,2,0,3,1
330,53,4,3,0,3,2
331,64,6,1,1,4,2
332,50,5,2,0,3,0
333,20,6,2,1,3,0
334,47,5,3,0,2,1
335,60,7,2,0,4,0
336,30,6,3,0,2,0
337,55,3,3,0,1,2
338,27,8,3,1,3,2
339,70,3,3,0,2,2
340,27,1,2,0,5,2
341,28,7,2,0,1,2
342,69,6,2,0,3,0
343,44,1,2,1,2,2
344,59,8,2,1,5,0
345,49,5,2,0,2,2
346,77,4,1,0,2,0
347,58,7,3,1,4,2
348,31,5,3,1,1,1
349,62,7,2,0,4,0
350,53,9,2,1,3,1
351,15,5,1,0,2,0
352,55,4,3,0,1,1
353,73,1,2,0,2,1
354,26,5,2,1,4,0
355,19,5,3,1,4,1
356,20,7,3,1,4,0
357,55,6,3,0,1,0
358,18,2,2,0,2,2
359,78,5,3,1,5,1
360,22,7,3,1,5,0
361,30,5,3,1,1,1
362,74,1,2,1,1,2
363,39,9,1,1,2,1
364,67,2,2,1,4,2
365,21,4,3,0,3,2
366,32,8,3,0,1,1
367,68,9,2,1,2,2
368,54,3,2,1,2,1
369,49,7,2,1,2,1
370,77,8,2,1,2,0
371,23,8,2,1,1,0
372,82,3,3,1,4,0
373,45,1,2,0,3,0
374,46,1,3,1,4,0
375,59,7,2,0,2,1
376,51,1,2,1,4,2
377,67,1,3,1,2,1
378,41,6,2,1,1,1
379,71,9,2,0,1,2
380,22,1,2,1,3,1
381,28,6,2,1,2,1
382,44,7,2,1,1,2
383,58,9,3,0,1,1
384,78,7,3,0,4,1
385,75,9,2,1,3,2
386,45,2,2,0,4,1
387,26,8,2,1,3,2
388,60,6,3,0,4,1
389,80,1,1,1,1,1
390,20,5,2,1,1,2
391,68,9,2,1,1,2
392,58,9,2,0,5,0
393,25,7,1,0,2,2
394,55,8,3,0,3,2
395,62,2,1,0,2,0
396,45,7,3,1,3,0
397,52,1,2,1,5,2
398,79,5,2,1,1,2
399,31,5,2,0,2,1
400,30,4,2,1,5,1
401,22,7,3,1,3,0
402,46,9,3,1,3,1
403,44,9,2,1,1,1
404,54,2,2,1,4,2
405,38,7,1,1,2,0
406,36,2,1,1,5,1
407,67,6,3,0,5,2
408,24,4,2,1,3,2
409,79,9,3,1,2,2
410,52,5,2,1,2,1
411,60,9,3,1,5,2
412,58,8,3,1,1,1
413,17,7,3,1,3,1
414,40,9,3,1,4,0
415,56,8,3,0,5,2
416,36,1,2,1,5,1
417,33,1,2,1,3,0
418,33,8,2,0,2,2
419,22,8,2,1,3,1
420,79,7,3,0,5,2
421,84,8,2,1,3,2
422,36,7,3,0,1,1
423,50,8,3,1,5,1
424,44,4,1,0,5,1
425,36,1,3,1,5,0
426,67,4,2,0,1,2
427,67,6,2,1,3,1
428,39,2,3,1,5,2
429,73,7,2,0,3,1
430,72,7,2,0,4,1
431,38,1,3,1,1,2
432,27,7,2,0,2,1
433,81,7,3,0,3,2
434,69,8,2,1,3,2
435,67,5,2,1,5,2
436,70,3,2,1,3,0
437,17,1,3,0,2,1
438,62,8,2,0,3,1
439,41,6,3,0,1,2
440,81,1,2,1,2,0
441,30,6,2,1,5,0
442,52,5,2,0,3,1
443,44,8,3,1,5,0
444,40,5,2,0,5,0
445,30,1,2,0,3,1
446,32,1,2,0,4,2
447,20,7,2,0,2,0
448,84,7,1,0,5,2
449,62,7,2,0,3,0
450,48,3,3,1,3,2
451,55,7,2,0,1,2
452,64,1,3,1,2,1
453,19,6,2,1,2,2
454,49,9,1,1,5,1
455,49,3,2,1,5,1
456,68,4,3,0,4,2
457,35,7,2,0,2,1
458,20,8,1,1,1,2
459,78,2,2,1,4,0
460,28,5,2,1,5,1
461,74,8,2,1,2,0
462,82,3,2,1,3,0
463,54,7,3,0,2,1
464,52,7,2,1,5,0
465,68,6,2,1,2,2
466,83,4,2,0,2,1
467,33,9,3,0,1,1
468,37,8,2,1,2,0
469,16,5,2,1,1,2
470,63,3,2,0,4,1
471,72,8,2,1,4,1
472,20,9,1,1,2,2
473,23,2,2,1,1,2
474,19,9,2,0,3,0
475,39,4,2,1,4,2
476,27,3,2,1,4,1
477,24,9,3,0,5,0
478,42,6,2,1,4,1
479,43,6,3,0,5,2
480,78,5,3,0,1,1
481,20,4,3,1,4,1
482,49,9,3,1,3,0
483,78,5,2,0,5,0
484,52,6,2,1,2,1
485,79,9,2,1,3,2
486,62,9,2,1,5,1
487,25,7,3,1,5,0
488,32,7,3,0,5,0
489,16,7,2,1,3,1
490,60,9,1,0,4,2
491,56,3,2,0,4,2
492,16,2,2,1,3,2
493,84,7,2,1,4,1
494,24,5,2,0,3,2
495,69,1,2,1,1,1
496,44,7,2,1,3,1
497,76,6,2,1,5,1
498,64,9,3,1,2,1
499,80,4,2,1,4,0
500,45,8,2,0,3,0
501,70,7,2,1,2,2
502,65,1,3,1,4,2
503,37,2,1,1,4,1
504,79,7,3,0,3,1
505,60,2,2,0,3,1
506,21,9,1,1,4,2
507,37,9,2,1,2,0
508,65,2,2,0,5,2
509,25,8,2,0,5,1
510,28,1,2,0,3,2
511,70,7,1,1,5,2
512,74,3,2,1,1,1
513,41,2,2,0,4,1
514,45,9,2,0,4,0
515,64,6,2,0,3,1
516,59,3,3,0,4,0
517,44,2,3,0,2,0
518,55,3,3,0,3,2
519,83,4,2,1,1,0
520,77,9,2,1,3,2
521,66,2,2,1,1,2
522,38,4,3,0,5,1
523,15,7,3,0,5,0
524,22,4,3,1,4,1
525,18,6,2,1,5,1
526,41,7,2,1,3,1
527,65,4,1,0,3,1
528,75,3,3,0,2,0
529,31,6,3,0,4,2
530,61,6,2,1,5,2
531,64,6,2,1,3,2
532,76,5,3,0,4,2
533,73,7,2,0,1,0
534,77,5,3,0,4,0
535,55,5,2,1,2,0
536,63,3,2,0,2,0
537,73,5,3,1,4,2
538,78,5,3,0,5,0
539,19,5,3,1,5,0
540,32,6,2,0,5,0
541,35,7,1,0,5,1
542,79,9,1,1,2,1
543,75,5,2,1,2,1
544,17,8,3,1,1,1
545,48,8,2,1,4,1
546,51,9,3,1,3,1
547,85,3,2,0,4,2
548,38,5,2,0,3,0
549,27,7,2,0,2,2
550,30,2,2,0,1,2
551,30,6,2,1,2,0
552,69,8,3,0,4,2
553,66,8,2,0,3,1
554,50,5,2,1,3,1
555,73,4,3,0,1,0
556,58,3,2,0,1,2
557,29,7,2,1,5,0
558,29,8,3,0,4,1
559,84,7,2,0,2,2
560,78,3,3,1,4,1
561,35,3,3,1,2,1
562,44,9,2,0,3,0
563,79,6,2,1,4,1
564,54,5,3,0,1,0
565,43,5,2,1,1,0
566,42,7,3,0,1,0
567,78,3,2,1,2,0
568,49,8,3,0,1,1
569,34,5,2,0,4,0
570,75,2,2,0,3,2
571,32,8,2,0,1,2
572,32,5,3,0,2,1
573,48,8,2,0,2,0
574,71,3,2,1,1,2
575,18,5,2,0,4,1
576,47,6,3,0,3,1
577,34,5,3,1,4,2
578,66,6,2,0,2,1
579,71,3,3,1,5,0
580,50,7,3,1,5,0
581,49,3,2,1,1,0
582,63,5,2,0,1,0
583,49,5,3,1,4,0
584,63,7,3,1,5,0
585,30,2,2,0,2,0
586,77,3,2,0,2,2
587,28,4,3,1,5,1
588,27,3,3,1,2,2
589,16,4,3,0,2,0
590,43,2,2,0,3,0
591,50,6,2,0,3,0
592,34,9,2,0,2,1
593,74,5,2,0,2,0
594,75,7,2,1,5,2
595,73,5,3,1,4,1
596,59,5,2,1,2,2
597,30,9,3,1,2,2
598,50,4,2,1,1,0
599,49,4,3,0,3,0
600,73,9,3,0,2,2
601,37,7,2,0,2,2
602,58,4,3,1,4,1
603,50,3,2,0,3,0
604,27,7,2,0,4,2
605,36,5,2,1,5,1
606,79,5,2,1,1,0
607,59,6,2,0,3,1
608,61,5,2,1,2,1
609,57,5,2,0,2,2
610,39,3,2,0,2,1
611,18,9,2,0,1,2
612,59,9,2,1,3,1
613,46,5,3,1,2,2
614,24,5,3,1,3,1
615,51,6,2,0,4,2
616,43,8,2,1,1,1
617,85,7,2,0,2,1
618,42,1,3,1,5,1
619,18,9,2,1,2,0
620,15,7,3,0,3,0
621,22,1,2,0,4,2
622,68,7,3,0,3,2
623,57,5,2,0,3,0
624,79,9,2,1,3,1
625,38,7,2,0,5,0
626,41,4,3,0,1,0
627,82,5,1,1,1,0
628,31,5,3,0,3,0
629,64,6,3,1,5,2
630,44,2,2,1,2,0
631,16,3,2,0,5,1
632,49,1,1,0,1,0
633,33,3,2,0,2,1
634,53,7,2,0,4,2
635,35,9,2,0,3,0
636,57,8,3,0,5,0
637,67,3,2,1,3,0
638,74,6,2,1,4,2
639,50,2,2,1,3,1
640,41,4,2,1,4,2
641,51,6,2,1,5,1
642,31,3,3,0,5,0
643,57,6,2,0,5,1
644,41,6,3,1,2,1
645,35,2,1,0,2,0
646,66,5,3,1,3,0
647,31,6,2,0,3,1
648,52,9,2,1,4,0
649,15,5,2,0,2,0
650,41,2,2,0,5,0
651,55,6,3,1,3,1
652,33,5,1,0,5,1
653,41,6,3,0,5,0
654,29,4,2,1,3,1
655,17,9,3,1,1,1
656,74,5,1,0,4,1
657,57,3,2,0,2,0
658,35,1,3,1,3,2
659,21,8,3,0,5,1
660,47,4,2,0,1,0
661,41,6,1,0,4,0
662,66,2,2,0,2,1
663,32,4,2,1,2,0
664,67,7,2,1,1,0
665,31,6,3,1,3,1
666,70,2,2,1,3,2
667,16,5,3,1,4,0
668,54,2,2,1,1,0
669,28,7,2,1,5,0
670,51,7,3,0,1,1
671,24,4,3,1,4,1
672,35,4,2,0,5,2
673,84,3,2,1,4,0
674,83,2,2,0,2,2
675,54,3,3,0,1,0
676,62,6,2,0,5,1
677,82,6,3,0,5,1
678,23,7,2,0,5,2
679,74,5,1,1,3,2
680,76,7,3,1,1,2
681,84,4,2,1,2,0
682,46,7,2,0,5,2
683,35,8,2,1,5,2
684,43,9,3,1,4,1
685,31,7,2,1,2,2
686,30,4,2,0,1,2
687,57,7,2,0,5,0
688,85,2,3,0,2,1
689,34,4,2,0,5,1
690,79,5,2,0,5,2
691,70,6,2,1,5,1
692,78,1,2,0,5,0
693,85,7,3,0,5,0
694,62,5,3,1,3,0
695,28,6,2,0,3,0
696,74,7,3,1,5,0
697,50,5,1,0,1,1
698,82,5,2,0,4,2
699,20,1,3,0,1,1
700,37,3,2,0,1,2
701,72,5,3,1,3,0
702,82,6,3,0,4,2
703,23,1,2,0,3,2
704,38,5,2,1,2,0
705,27,5,2,0,1,1
706,65,7,3,0,2,0
707,24,2,3,1,4,0
708,30,8,2,1,2,2
709,44,7,1,0,2,0
710,32,8,2,0,3,2
711,59,8,2,0,2,0
712,56,8,2,1,3,0
713,27,9,3,1,2,1
714,28,5,1,1,2,0
715,77,7,2,1,3,2
716,44,5,2,0,3,0
717,73,5,2,1,4,1
718,31,7,2,1,3,2
719,42,4,2,1,1,2
720,66,5,3,0,2,2
721,75,4,3,1,1,0
722,71,7,2,1,2,1
723,65,6,3,0,4,0
724,54,5,2,0,5,2
725,70,5,3,0,4,0
726,77,8,2,0,3,2
727,77,9,3,1,2,0
728,33,6,3,0,2,0
729,58,7,2,1,2,2
730,63,3,2,1,4,2
731,36,8,3,0,1,0
732,40,3,3,1,3,1
733,74,1,1,0,3,0
734,85,5,2,0,5,0
735,42,5,3,1,1,0
736,33,2,3,1,1,2
737,17,1,2,0,4,0
738,51,5,2,1,3,1
739,23,2,2,1,5,1
740,78,8,3,1,3,0
741,28,7,2,0,3,2
742,59,1,3,1,2,0
743,47,1,3,1,3,1
744,56,5,3,1,5,2
745,63,8,2,0,3,0
746,60,5,2,0,3,2
747,58,7,1,0,3,0
748,76,9,1,0,2,2
749,42,7,1,1,5,0
750,38,7,2,0,3,2
751,57,7,2,0,5,1
752,70,4,3,0,2,1
753,48,3,2,0,2,2
754,74,4,1,0,1,0
755,62,4,2,0,4,2
756,64,4,3,0,3,2
757,46,8,2,1,3,0
758,26,9,3,0,4,0
759,37,3,3,1,3,0
760,35,1,3,1,3,0
761,60,9,1,0,4,1
762,65,7,2,0,2,1
763,32,7,2,1,1,0
764,54,5,2,1,5,2
765,68,5,2,1,2,1
766,17,2,3,1,1,2
767,64,7,1,1,2,0
768,30,6,3,0,1,0
769,65,5,2,0,3,0
770,84,8,3,1,1,2
771,81,1,2,0,1,1
772,69,9,2,1,5,1
773,45,3,2,0,4,1
774,20,9,3,0,1,2
775,81,5,1,1,5,2
776,82,9,1,0,2,0
777,18,6,2,0,4,1
778,73,8,2,0,4,1
779,55,2,2,1,5,1
780,62,6,2,0,1,1
781,73,5,2,0,4,0
782,24,7,2,1,2,0
783,85,6,3,1,3,2
784,76,7,2,1,3,1
785,61,4,2,0,5,0
786,31,7,3,1,1,1
787,74,1,2,0,1,2
788,48,9,3,1,5,1
789,15,6,3,1,1,1
790,82,5,2,1,1,1
791,32,1,3,1,5,0
792,45,5,2,0,3,0
793,36,5,3,1,5,0
794,77,9,1,1,5,2
795,15,2,2,0,5,2
796,46,1,2,1,4,0
797,40,6,3,0,1,1
798,15,9,3,1,3,0
799,46,7,1,0,3,2
800,39,5,2,1,1,2
801,34,6,2,0,5,0
802,22,8,2,1,5,0
803,30,3,1,0,4,0
804,38,1,3,0,3,0
805,43,6,3,0,2,2
806,24,9,2,1,3,1
807,20,9,2,0,1,1
808,56,4,2,0,1,1
809,30,7,3,1,5,1
810,18,9,2,0,2,2
811,70,9,3,0,2,0
812,33,6,3,0,3,1
813,42,8,3,0,5,1
814,84,1,2,0,2,2
815,49,1,2,1,4,0
816,30,9,2,0,2,0
817,48,8,2,1,3,1
818,50,5,3,0,2,0
819,22,7,2,0,4,1
820,28,3,2,1,3,2
821,80,9,3,1,1,1
822,25,8,2,1,1,2
823,63,3,2,1,1,1
824,46,1,3,0,3,0
825,73,9,3,1,4,1
826,50,7,1,1,3,1
827,69,4,2,1,3,0
828,39,5,3,1,1,0
829,24,7,2,0,2,0
830,27,9,3,1,3,0
831,35,6,2,1,3,0
832,28,2,2,1,1,2
833,63,9,2,0,3,2
834,31,8,1,1,2,2
835,81,9,3,0,4,1
836,59,8,3,1,5,1
837,80,1,2,0,4,1
838,25,5,2,1,1,0
839,61,5,2,0,1,1
840,66,3,2,1,1,2
841,84,5,3,0,1,1
842,23,1,2,0,2,0
843,44,6,2,0,3,1
844,35,6,1,1,4,1
845,61,4,2,0,5,2
846,26,5,3,0,5,2
847,22,9,2,1,2,2
848,76,8,2,1,4,0
849,81,4,2,1,3,0
850,17,2,2,0,1,1
851,73,7,3,0,4,1
852,29,7,2,0,3,2
853,15,7,2,1,5,0
854,23,9,2,0,3,1
855,29,3,2,0,4,2
856,85,5,2,1,3,2
857,84,2,2,0,1,1
858,79,5,3,0,2,2
859,17,7,3,0,4,2
860,21,7,3,0,2,0
861,73,7,3,0,4,0
862,34,2,2,0,2,2
863,16,6,2,1,1,2
864,16,7,3,0,5,2
865,42,5,2,0,3,0
866,57,5,3,1,4,2
867,77,7,3,0,5,2
868,75,7,2,0,4,0
869,66,5,1,1,3,2
870,85,6,2,0,5,2
871,18,3,2,1,2,2
872,22,9,2,0,3,1
873,43,5,3,1,4,1
874,46,2,3,1,1,0
875,37,3,2,1,2,2
876,75,5,2,0,5,1
877,78,6,2,0,5,2
878,45,6,2,1,1,0
879,27,1,2,0,2,0
880,31,1,2,1,4,2
881,39,7,1,1,5,0
882,62,3,2,0,5,0
883,78,6,2,1,1,1
884,37,6,2,1,5,0
885,78,8,2,0,5,0
886,49,6,2,0,3,0
887,64,6,1,0,2,1
888,33,3,2,0,2,0
889,55,7,1,1,1,2
890,57,1,3,1,4,1
891,55,7,2,1,1,0
892,47,7,2,1,5,2
893,60,4,2,1,5,2
894,78,5,3,0,4,2
895,51,5,2,1,5,1
896,63,5,3,0,4,0
897,70,3,2,0,5,2
898,46,6,2,0,1,1
899,44,8,2,0,3,2
900,35,9,1,1,4,0
901,21,5,2,0,2,0
902,26,7,2,1,4,1
903,80,6,3,0,5,0
904,83,9,2,0,3,0
905,73,5,3,1,3,1
906,53,9,3,1,2,2
907,68,9,2,0,2,2
908,18,3,2,1,1,0
909,40,7,3,0,5,1
910,43,6,2,0,4,2
911,56,8,2,0,3,1
912,17,4,1,0,3,2
913,77,4,2,0,5,1
914,43,5,2,0,5,2
915,83,5,3,1,1,2
916,68,6,2,1,2,0
917,40,6,2,0,4,2
918,73,5,3,0,5,2
919,63,8,3,1,2,0
920,56,6,1,0,2,1
921,34,5,3,1,2,0
922,29,6,2,0,3,2
923,83,8,1,1,3,2
924,46,6,2,1,2,0
925,39,7,2,1,2,0
926,46,8,3,0,5,2
927,62,5,2,1,5,0
928,16,6,3,0,2,2
929,65,7,2,1,5,1
930,32,6,2,1,1,1
931,32,8,2,1,5,1
932,78,3,2,1,3,1
933,42,9,2,0,4,0
934,51,3,3,0,2,0
935,63,5,3,0,3,1
936,68,6,1,0,1,2
937,24,6,2,0,1,0
938,42,5,2,1,3,1
939,80,3,3,0,3,1
940,50,4,1,0,4,2
941,59,1,2,1,1,1
942,64,5,3,1,1,0
943,79,9,2,0,5,1
944,34,3,2,0,1,0
945,39,5,2,0,3,1
946,72,4,3,1,3,0
947,49,4,1,1,4,1
948,71,1,2,1,1,1
949,73,1,3,1,5,1
950,52,1,3,0,1,0
951,60,4,3,1,4,1
952,28,8,2,0,2,2
953,72,2,2,0,4,2
954,52,6,2,0,5,2
955,20,5,3,1,2,2
956,61,6,1,0,2,2
957,19,3,2,1,4,2
958,38,6,3,0,3,2
959,56,5,1,0,5,0
960,64,5,3,1,3,1
961,75,6,1,1,3,2
962,36,3,2,0,5,0
963,69,5,3,0,1,0
964,80,4,3,1,2,0
965,32,2,2,1,5,1
966,82,7,2,0,1,0
967,50,1,2,0,2,2
968,66,6,2,1,3,1
969,83,6,2,0,2,2
970,61,8,2,0,2,2
971,33,5,2,0,4,1
972,36,4,1,1,5,1
973,33,7,2,0,3,2
974,31,1,3,1,4,0
975,31,5,1,1,5,0
976,77,3,2,0,3,1
977,58,2,3,0,3,2
978,61,6,2,1,4,0
979,61,9,2,1,1,0
980,72,7,2,1,2,1
981,60,9,3,1,4,1
982,24,7,3,1,2,0
983,84,7,3,1,1,1
984,35,6,3,1,5,1
985,55,1,2,1,5,1
986,77,7,2,1,5,0
987,22,9,3,1,2,0
988,40,6,3,0,5,1
989,24,2,2,0,5,1
990,35,6,1,0,5,0
991,45,9,3,0,2,0
992,43,6,2,1,5,0
993,19,9,3,1,1,1
994,67,4,3,0,3,0
995,65,3,2,0,5,0
996,45,7,2,1,4,1
997,60,9,2,1,2,2
998,46,6,3,0,1,0
999,29,1,1,0,4,1
1000,20,7,2,1,5,1
1001,80,5,2,1,3,1
1002,48,9,3,1,5,2
1003,54,2,2,1,1,0
1004,33,7,3,0,5,2
1005,33,8,2,1,5,1
1006,21,1,2,0,1,1
1007,75,1,3,0,3,1
1008,45,8,2,0,1,0
1009,27,5,2,0,4,0
1010,60,8,2,0,1,2
1011,85,1,3,1,3,0
1012,19,2,2,0,4,0
1013,43,5,2,0,3,1
1014,66,5,2,1,5,2
1015,73,5,2,1,3,2
1016,43,3,1,0,1,0
1017,42,1,3,1,4,2
1018,23,4,3,0,4,0
1019,24,3,3,0,3,1
1020,53,2,1,0,1,2
1021,65,9,3,1,5,0
1022,68,2,2,0,5,0
1023,31,9,3,1,3,2
1024,16,1,2,1,5,2
1025,73,4,2,1,1,2
1026,67,6,2,0,1,1
1027,60,8,3,1,4,0
1028,37,7,1,1,5,0
1029,19,9,2,0,5,2
1030,70,7,2,0,2,0
1031,60,3,3,1,3,0
1032,61,5,2,0,1,2
1033,39,3,3,0,3,0
1034,65,1,2,1,2,1
1035,78,9,2,0,3,2
1036,83,5,3,0,2,2
1037,83,8,1,0,2,1
1038,45,8,2,1,5,2
1039,58,5,2,1,4,0
1040,22,6,3,1,2,1
1041,36,6,3,1,1,1
1042,77,4,2,0,5,1
1043,66,8,3,0,3,2
1044,84,6,2,1,1,1
1045,85,7,2,1,3,1
1046,26,3,2,1,2,2
1047,55,1,2,1,4,1
1048,24,5,1,1,2,0
1049,32,2,2,1,5,2
1050,36,9,2,1,4,2
1051,74,8,3,1,5,0
1052,27,9,3,1,1,2
1053,40,5,2,0,1,2
1054,76,9,2,1,5,2
1055,43,4,2,0,2,2
1056,64,5,3,1,3,2
1057,63,5,2,0,4,0
1058,77,5,2,1,1,2
1059,44,4,3,1,4,0
1060,24,7,2,1,1,0
1061,15,4,2,0,3,2
1062,34,9,2,1,1,2
1063,62,8,2,1,5,0
1064,84,5,2,0,4,2
1065,29,8,2,1,4,0
1066,52,2,2,1,1,0
1067,69,6,3,0,5,1
1068,55,2,2,1,5,2
1069,63,4,3,0,1,1
1070,28,5,1,1,5,1
1071,16,2,2,1,3,1
1072,29,7,3,0,3,2
1073,15,7,2,0,5,0
1074,42,1,2,0,5,0
1075,20,4,3,0,5,1
1076,66,3,2,0,2,2
1077,59,4,2,1,2,2
1078,16,8,3,1,1,1
1079,61,4,3,1,4,1
1080,37,4,3,0,5,2
1081,42,7,2,0,2,1
1082,37,6,3,1,3,1
1083,46,6,2,1,2,1
1084,71,4,2,1,1,1
1085,51,3,3,0,1,2
1086,27,5,3,1,1,2
1087,76,8,3,1,1,0
1088,67,5,2,1,2,2
1089,52,1,2,1,2,2
1090,51,7,2,0,5,0
1091,15,9,3,1,2,2
1092,46,9,1,1,1,2
1093,24,3,2,0,5,2
1094,70,9,2,1,5,0
1095,65,7,2,1,1,0
1096,58,4,1,0,3,2
1097,53,6,3,0,2,1
1098,77,6,3,1,1,2
1099,36,9,2,1,3,0
1100,58,8,3,1,1,1
1101,32,8,3,1,1,1
1102,20,7,3,0,2,2
1103,40,5,3,1,3,0
1104,40,5,2,1,4,0
1105,19,6,1,0,4,2
1106,62,7,2,1,1,1
1107,41,7,2,0,3,1
1108,40,7,3,0,1,2
1109,25,9,3,1,1,1
1110,79,8,2,1,3,2
1111,65,8,2,0,3,2
1112,43,3,1,1,1,0
1113,27,4,3,1,1,2
1114,34,3,3,0,5,0
1115,76,7,2,0,4,0
1116,24,7,3,1,5,0
1117,47,6,2,1,1,1
1118,42,5,2,0,3,1
1119,23,9,2,0,1,2
1120,30,7,1,1,5,1
1121,67,7,3,0,3,2
1122,43,1,2,0,3,1
1123,40,3,3,1,5,0
1124,39,1,2,0,2,2
1125,69,4,3,0,2,2
1126,17,1,2,0,3,0
1127,72,9,2,1,3,2
1128,47,9,2,0,2,1
1129,23,9,2,0,2,2
1130,50,6,3,1,1,0
1131,17,5,2,1,2,0
1132,37,2,2,0,5,1
1133,71,5,3,1,4,0
1134,85,5,2,0,5,2
1135,47,7,2,1,2,2
1136,84,9,2,1,5,0
1137,72,6,1,0,2,2
1138,85,9,1,0,5,1
1139,63,4,1,0,1,0
1140,41,7,3,1,5,1
1141,34,7,2,0,3,0
1142,51,8,2,0,5,1
1143,17,8,3,0,3,0
1144,30,7,3,0,4,0
1145,35,7,2,0,1,2
1146,74,7,3,0,2,2
1147,82,2,3,1,3,1
1148,56,7,3,1,4,2
1149,84,8,2,1,5,1
1150,27,9,3,1,4,0
1151,73,6,2,0,1,1
1152,16,4,2,0,5,2
1153,50,8,3,0,3,0
1154,69,4,3,1,1,2
1155,16,6,3,0,4,1
1156,84,1,3,1,2,1
1157,24,8,1,0,5,0
1158,19,5,2,1,4,1
1159,28,1,1,0,2,1
1160,62,6,2,0,3,0
1161,45,9,3,0,3,2
1162,37,9,2,0,1,0
1163,31,8,3,1,5,2
1164,19,1,2,1,2,0
1165,22,1,3,0,3,0
1166,41,9,2,0,3,1
1167,59,8,2,0,5,1
1168,79,2,2,0,4,0
1169,36,3,3,1,2,2
1170,15,3,3,1,3,1
1171,64,8,1,1,1,0
1172,67,5,2,0,2,1
1173,76,7,3,0,4,0
1174,65,9,2,0,4,1
1175,79,1,3,0,4,2
1176,19,5,3,1,2,0
1177,79,8,3,0,3,0
1178,51,7,3,0,1,0
1179,84,9,2,0,2,1
1180,67,6,2,1,5,0
1181,82,4,2,1,4,1
1182,57,6,3,1,1,1
1183,53,9,2,0,1,2
1184,78,4,1,1,4,0
1185,61,5,2,1,3,2
1186,38,4,2,1,2,1
1187,53,6,2,0,4,1
1188,80,4,2,1,3,0
1189,29,7,3,0,2,1
1190,76,5,3,1,5,1
1191,48,2,2,1,2,1
1192,36,1,3,0,3,0
1193,70,1,2,1,3,1
1194,79,7,3,1,3,0
1195,32,4,3,1,5,1
1196,51,2,3,1,4,2
1197,61,9,3,1,2,2
1198,37,2,2,1,5,2
1199,62,9,2,1,3,0
1200,70,9,1,1,2,2
1201,19,7,2,1,3,0
1202,45,6,3,0,4,0
1203,49,2,2,1,3,2
1204,58,5,2,0,5,2
1205,42,1,2,0,2,0
1206,57,9,2,0,1,0
1207,15,6,2,0,3,0
1208,34,6,3,1,1,2
1209,62,8,2,0,4,1
1210,39,9,2,1,3,1
1211,26,7,2,1,2,1
1212,30,2,2,0,1,2
1213,23,7,1,1,1,1
1214,80,9,2,1,3,1
1215,73,6,1,1,1,2
1216,84,7,3,1,1,1
1217,36,5,2,1,3,0
1218,39,8,2,1,5,0
1219,78,5,2,0,5,1
1220,35,9,3,1,3,0
1221,20,8,2,1,4,0
1222,25,7,2,0,1,1
1223,34,1,2,0,2,1
1224,55,3,3,0,5,1
1225,62,3,3,1,1,1
1226,29,5,2,1,4,0
1227,32,1,2,0,4,2
1228,82,1,3,1,3,0
1229,82,5,3,1,3,2
1230,26,5,2,1,4,0
1231,84,5,2,0,4,1
1232,45,4,2,0,4,0
1233,63,5,3,1,2,0
1234,75,8,2,0,5,2
1235,21,7,3,0,4,0
1236,45,1,2,1,2,0
1237,48,6,3,1,5,0
1238,47,4,2,1,4,0
1239,44,4,2,1,1,1
1240,67,2,3,1,5,2
1241,84,5,3,1,3,0
1242,27,7,2,0,5,1
1243,67,1,3,0,5,0
1244,43,5,2,1,4,1
1245,18,4,2,0,4,0
1246,33,9,2,0,4,0
1247,84,8,2,1,2,0
1248,45,4,3,0,1,0
1249,79,7,2,0,2,0
1250,21,4,2,0,4,1
1251,27,3,2,0,2,0
1252,59,3,2,1,1,2
1253,81,4,2,1,2,0
1254,31,5,2,1,4,0
1255,59,1,2,1,1,2
1256,43,6,2,0,5,2
1257,80,4,2,1,3,2
1258,80,2,3,0,2,1
1259,21,6,2,0,5,1
1260,67,7,2,0,2,1
1261,51,5,2,1,3,1
1262,49,2,2,1,3,2
1263,82,4,2,0,1,0
1264,66,5,2,0,3,1
1265,65,9,2,1,2,2
1266,53,6,3,0,2,1
1267,84,5,3,0,3,1
1268,44,8,2,0,3,1
1269,81,7,3,0,3,1
1270,71,3,2,0,3,0
1271,15,7,2,0,2,0
1272,43,9,2,1,2,2
1273,40,3,2,0,2,0
1274,52,6,3,1,3,1
1275,83,4,2,0,3,1
1276,83,6,2,0,2,2
1277,47,7,2,0,5,2
1278,62,5,3,0,4,2
1279,27,6,2,0,5,1
1280,29,8,2,0,2,0
1281,49,1,3,0,2,1
1282,44,6,2,0,1,2
1283,45,3,2,0,2,0
1284,33,9,3,0,4,0
1285,66,5,2,1,4,0
1286,26,5,2,1,2,2
1287,52,8,3,0,3,2
1288,36,5,2,0,4,2
1289,39,4,2,1,4,0
1290,71,7,2,1,2,2
1291,20,5,2,1,5,0
1292,83,9,2,1,1,1
1293,80,1,3,0,2,0
1294,33,3,3,0,3,1
1295,52,4,3,1,4,2
1296,67,1,2,0,1,2
1297,33,6,2,1,3,1
1298,15,3,2,0,5,0
1299,64,8,3,0,1,0
1300,41,2,2,1,5,0
1301,25,5,2,1,3,0
1302,52,3,3,0,1,2
1303,56,5,2,1,1,0
1304,35,1,3,0,5,2
1305,54,7,2,1,1,2
1306,21,3,1,0,2,2
1307,45,8,2,1,1,2
1308,71,9,2,1,5,0
1309,74,4,3,0,5,1
1310,18,9,3,0,3,2
1311,54,9,1,1,3,1
1312,24,6,3,0,4,0
1313,20,9,2,0,2,1
1314,62,7,2,0,5,1
1315,74,1,3,0,3,2
1316,18,7,3,0,4,2
1317,47,5,2,0,3,2
1318,22,7,1,1,4,2
1319,28,5,2,0,5,0
1320,17,8,2,1,4,1
1321,30,6,2,0,5,1
1322,27,1,3,0,1,1
1323,18,4,3,0,2,2
1324,44,5,2,0,2,0
1325,19,1,1,1,5,1
1326,44,3,2,1,5,2
1327,49,4,3,1,4,2
1328,52,5,3,0,5,1
1329,23,8,3,0,3,2
1330,40,1,2,0,3,1
1331,17,5,3,0,4,0
1332,66,4,3,0,2,2
1333,26,3,3,0,1,0
1334,20,8,2,1,1,2
1335,43,1,3,1,3,1
1336,23,6,3,1,2,0
1337,82,7,3,0,2,0
1338,27,9,2,0,3,2
1339,50,5,1,1,5,2
1340,29,9,2,1,2,0
1341,49,4,1,0,4,2
1342,44,8,2,0,3,2
1343,69,8,2,1,1,2
1344,34,7,2,0,3,0
1345,16,9,3,0,2,2
1346,53,5,2,0,5,2
1347,50,9,2,1,1,0
1348,27,7,1,0,5,1
1349,49,6,3,1,5,0
1350,61,3,3,0,4,2
1351,68,4,2,0,1,0
1352,36,6,3,0,3,1
1353,32,7,3,0,4,2
1354,48,2,2,0,2,2
1355,65,5,3,0,5,0
1356,64,4,2,1,5,1
1357,77,8,2,0,3,0
1358,49,6,2,0,4,0
1359,57,6,3,1,3,0
1360,50,1,2,1,4,1
1361,62,7,3,0,2,0
1362,49,9,2,0,2,1
1363,35,4,2,0,4,1
1364,43,2,1,0,3,1
1365,48,8,1,1,1,1
1366,18,7,3,0,1,1
1367,18,7,1,0,4,1
1368,31,7,2,1,3,1
1369,60,4,2,0,1,2
1370,81,3,3,1,3,1
1371,45,5,3,0,1,0
1372,22,6,1,1,3,0
1373,28,5,3,1,2,0
1374,44,7,3,1,2,1
1375,84,3,1,1,5,0
1376,17,9,2,0,1,0
1377,70,1,2,1,5,0
1378,40,3,2,0,4,1
1379,50,3,2,1,3,0
1380,44,3,3,0,1,0
1381,71,9,3,0,3,1
1382,35,7,2,1,4,2
1383,49,8,2,0,5,1
1384,74,8,2,1,2,2
1385,55,2,2,1,1,0
1386,46,5,3,0,4,1
1387,22,8,3,0,3,1
1388,51,8,2,1,1,2
1389,29,9,3,0,4,1
1390,65,7,1,1,2,2
1391,77,8,3,1,2,1
1392,55,4,2,0,2,2
1393,16,7,3,1,4,1
1394,15,9,2,0,4,1
1395,65,7,3,0,4,2
1396,61,3,3,1,2,0
1397,42,5,2,1,1,0
1398,34,9,2,0,1,0
1399,52,3,1,0,2,2
1400,71,1,2,1,4,0
1401,47,4,2,0,4,0
1402,26,5,2,0,4,2
1403,16,7,3,1,5,2
1404,85,3,3,0,4,2
1405,75,7,3,1,3,1
1406,23,1,3,0,4,2
1407,32,5,3,1,3,1
1408,52,5,2,0,1,2
1409,58,1,3,1,1,0
1410,24,5,2,1,2,1
1411,71,4,3,1,3,0
1412,48,8,3,0,1,1
1413,15,4,3,0,3,1
1414,82,6,2,1,5,1
1415,50,1,3,0,5,1
1416,58,6,1,0,4,2
1417,39,7,2,0,3,0
1418,68,2,2,0,4,2
1419,34,6,3,1,1,0
1420,40,9,2,1,5,1
1421,63,7,3,0,3,0
1422,48,6,2,1,5,2
1423,47,6,1,1,1,2
1424,25,7,3,1,1,1
1425,73,9,2,1,5,2
1426,40,7,2,1,4,0
1427,81,9,2,1,3,0
1428,49,7,3,1,2,0
1429,33,9,2,0,5,0
1430,54,5,1,0,4,2
1431,82,8,3,0,5,0
1432,42,5,2,1,2,0
1433,64,4,2,1,3,2
1434,39,5,1,0,2,2
1435,54,3,1,0,2,1
1436,84,3,2,0,5,2
1437,61,6,2,0,3,2
1438,31,8,2,0,4,0
1439,21,9,3,1,1,1
1440,24,6,3,0,2,0
1441,49,5,3,1,3,0
1442,41,7,3,1,4,1
1443,85,5,2,0,2,0
1444,29,4,2,1,2,0
1445,35,8,3,0,1,0
1446,69,4,1,1,4,2
1447,17,2,2,0,2,0
1448,28,6,3,0,2,2
1449,60,6,2,1,5,2
1450,76,6,2,0,5,1
1451,24,4,3,0,2,2
1452,72,7,2,0,3,1
1453,28,3,3,1,2,2
1454,82,1,2,0,1,1
1455,48,7,2,0,4,2
1456,52,5,3,1,4,0
1457,68,4,2,0,2,0
1458,20,7,3,0,5,0
1459,40,6,1,0,2,2
1460,52,1,2,1,2,1
1461,80,7,3,0,2,1
1462,24,9,3,0,2,0
1463,62,6,2,0,3,0
1464,18,2,2,0,4,2
1465,73,9,1,0,1,0
1466,36,9,2,1,1,0
1467,20,5,2,0,5,1
1468,69,3,3,0,4,2
1469,78,2,2,1,1,1
1470,61,9,3,1,1,2
1471,64,6,2,0,5,1
1472,25,9,2,0,3,0
1473,61,4,2,1,1,2
1474,79,3,3,0,3,2
1475,49,5,2,0,4,0
1476,80,8,3,1,5,0
1477,79,2,2,1,2,0
1478,21,3,2,1,5,1
1479,69,9,1,0,3,2
1480,47,7,2,0,1,1
1481,20,4,2,1,2,2
1482,24,1,2,0,3,2
1483,66,6,2,1,2,1
1484,76,6,2,1,5,2
1485,42,4,1,0,5,1
1486,76,6,3,1,3,1
1487,18,8,2,1,2,2
1488,42,9,3,1,2,2
1489,50,4,3,1,1,2
1490,80,2,2,0,4,1
1491,29,7,2,1,2,2
1492,42,9,2,0,4,1
1493,85,5,2,1,1,0
1494,71,6,2,0,4,2
1495,27,3,1,0,3,1
1496,18,2,2,1,5,1
1497,42,7,1,0,3,0
1498,24,6,3,1,3,0
1499,54,4,2,0,4,1
1500,75,5,2,0,4,0
1501,62,6,3,1,2,1
1502,71,9,2,1,3,1
1503,34,8,3,0,1,2
1504,19,7,2,0,5,1
1505,18,2,2,0,2,1
1506,30,9,3,1,5,0
1507,80,9,3,0,4,1
1508,36,3,2,1,3,1
1509,84,1,2,1,2,1
1510,47,8,2,1,2,0
1511,27,4,3,1,4,1
1512,75,4,2,0,4,2
1513,58,4,2,1,3,1
1514,67,8,2,0,3,0
1515,70,3,2,0,3,2
1516,82,7,3,1,2,2
1517,47,4,2,0,3,2
1518,39,6,2,1,3,0
1519,35,5,3,0,4,0
1520,39,1,2,1,1,2
1521,28,7,2,0,5,0
1522,30,8,2,0,1,0
1523,72,7,2,0,2,0
1524,79,6,1,0,4,2
1525,25,3,3,1,4,2
1526,41,1,2,1,1,1
1527,37,8,2,0,5,2
1528,25,7,1,0,2,2
1529,23,2,2,1,3,1
1530,76,9,3,0,4,0
1531,55,7,2,0,2,0
1532,45,3,3,1,3,0
1533,74,8,3,0,3,2
1534,58,5,3,1,5,0
1535,44,3,3,1,5,1
1536,61,1,3,0,4,0
1537,65,2,3,0,5,0
1538,78,3,2,0,1,1
1539,18,5,2,0,4,2
1540,59,9,3,1,3,1
1541,52,2,2,0,4,0
1542,52,5,1,1,1,2
1543,44,7,2,1,3,0
1544,32,5,2,0,5,2
1545,15,2,3,0,2,1
1546,85,7,2,0,3,2
1547,47,5,3,0,1,1
1548,63,9,2,1,3,2
1549,72,6,2,1,2,0
1550,54,5,2,1,3,1
1551,74,8,2,0,4,1
1552,20,1,2,1,5,1
1553,48,6,3,0,5,2
1554,52,8,2,1,2,2
1555,18,7,3,1,3,1
1556,78,6,2,1,1,0
1557,45,2,1,1,5,0
1558,37,6,3,1,3,0
1559,39,5,2,0,5,2
1560,29,9,2,0,4,1
1561,72,8,3,1,4,0
1562,57,3,2,0,2,0
1563,79,7,2,1,5,2
1564,38,9,1,1,1,1
1565,72,1,3,1,3,2
1566,60,1,3,1,3,0
1567,73,3,2,0,3,1
1568,83,6,2,0,4,2
1569,74,7,2,1,3,1
1570,68,1,2,0,1,1
1571,85,1,2,1,3,0
1572,77,6,3,1,2,1
1573,34,5,2,0,2,2
1574,41,2,2,1,3,1
1575,18,8,2,1,3,2
1576,28,5,2,1,1,2
1577,35,6,2,1,2,1
1578,53,7,2,1,3,2
1579,28,1,2,1,3,0
1580,54,6,2,1,1,1
1581,48,8,2,0,3,2
1582,25,6,2,0,3,2
1583,61,5,2,1,1,2
1584,21,6,3,0,5,2
1585,65,3,2,0,5,1
1586,53,5,3,0,3,2
1587,77,9,2,1,1,2
1588,46,2,3,0,5,1
1589,51,9,2,0,2,1
1590,49,1,2,1,4,1
1591,58,2,2,1,4,2
1592,32,5,2,1,3,0
1593,29,5,2,1,4,1
1594,58,6,3,0,5,0
1595,20,9,3,0,3,2
1596,66,3,3,0,4,2
1597,67,7,2,0,2,1
1598,27,5,1,0,2,2
1599,21,3,2,1,2,0
1600,85,5,3,0,5,2
1601,59,6,3,1,2,1
1602,69,2,2,1,4,2
1603,36,3,2,1,3,1
1604,74,1,1,0,2,1
1605,27,8,2,0,2,0
1606,59,8,2,0,5,0
1607,53,6,2,1,4,1
1608,64,4,2,0,5,0
1609,79,4,2,0,2,2
1610,38,9,2,1,5,0
1611,64,7,2,1,5,0
1612,67,7,1,1,4,1
1613,23,4,3,1,5,1
1614,67,2,2,1,1,0
1615,72,7,2,1,4,2
1616,64,5,2,1,5,1
1617,48,4,3,1,4,0
1618,55,9,2,0,4,1
1619,53,7,2,0,3,0
1620,71,5,2,0,1,1
1621,29,4,3,1,5,1
1622,31,6,2,0,1,2
1623,20,7,1,1,4,2
1624,33,1,2,0,5,2
1625,32,7,3,0,1,1
1626,21,9,2,0,5,2
1627,62,1,2,1,2,2
1628,38,9,2,0,2,1
1629,31,2,2,1,1,0
1630,61,5,1,1,5,1
1631,84,5,2,0,4,0
1632,37,9,2,0,5,1
1633,85,5,2,0,3,0
1634,33,2,2,1,4,2
1635,52,7,1,0,5,1
1636,34,5,1,1,5,1
1637,36,8,2,1,1,2
1638,48,8,2,1,4,1
1639,39,2,2,0,3,0
1640,77,8,3,0,5,2
1641,22,5,2,0,2,2
1642,44,6,2,0,5,1
1643,54,7,2,0,2,2
1644,53,8,1,0,2,2
1645,74,6,2,0,1,2
1646,43,4,2,1,4,1
1647,51,6,2,1,3,1
1648,51,3,2,1,2,0
1649,22,9,3,0,4,1
1650,55,6,2,0,3,2
1651,47,7,3,0,5,0
1652,83,1,2,0,4,0
1653,46,2,2,0,2,1
1654,38,5,2,1,4,0
1655,81,9,2,0,1,0
1656,46,9,3,0,5,1
1657,84,3,2,0,4,1
1658,61,3,2,1,1,1
1659,39,8,2,0,2,0
1660,17,4,3,0,1,1
1661,47,9,2,0,3,0
1662,25,3,2,0,2,2
1663,36,2,2,1,4,1
1664,59,1,3,1,5,2
1665,33,5,2,0,2,2
1666,75,2,3,0,1,0
1667,81,4,3,0,1,2
1668,62,8,2,1,3,0
1669,52,3,3,1,3,0
1670,81,4,2,1,2,1
1671,74,4,2,1,4,0
1672,85,4,3,0,3,1
1673,29,4,3,0,4,0
1674,47,8,2,0,4,2
1675,38,5,2,0,3,2
1676,19,7,3,0,2,1
1677,32,4,3,1,5,2
1678,30,5,3,1,5,1
1679,17,6,3,1,3,0
1680,62,4,2,1,1,0
1681,67,6,2,0,5,0
1682,73,1,2,0,3,1
1683,75,8,2,0,5,2
1684,50,8,2,1,1,0
1685,79,5,3,0,4,1
1686,49,7,2,0,3,1
1687,31,1,2,1,2,2
1688,43,4,3,1,2,2
1689,80,6,2,0,4,0
1690,56,5,2,1,5,2
1691,25,3,2,0,2,1
1692,47,3,2,1,4,0
1693,32,5,2,1,3,1
1694,53,6,3,1,3,2
1695,72,9,3,1,2,0
1696,72,2,3,0,1,2
1697,75,7,2,0,4,0
1698,22,5,3,1,5,2
1699,35,8,3,1,2,1
1700,64,4,2,1,5,2
1701,76,2,3,0,2,2
1702,59,5,3,0,2,1
1703,84,7,2,0,3,2
1704,82,2,2,1,1,1
1705,68,9,2,0,1,0
1706,47,5,2,1,3,2
1707,44,9,3,0,3,2
1708,75,7,2,0,5,2
1709,27,7,2,0,3,1
1710,57,7,2,0,4,0
1711,61,7,2,1,5,1
1712,39,5,1,0,1,0
1713,26,4,2,1,3,0
1714,71,6,2,0,2,1
1715,26,7,3,0,3,2
1716,22,2,2,0,3,2
1717,24,7,2,0,5,1
1718,42,3,3,1,4,0
1719,81,7,3,1,2,1
1720,84,5,2,0,1,1
1721,19,8,2,0,2,2
1722,69,5,3,0,5,1
1723,76,7,3,1,1,1
1724,70,8,2,0,1,2
1725,57,9,2,1,2,0
1726,84,6,2,1,4,1
1727,27,6,3,1,1,0
1728,15,1,2,0,2,0
1729,17,5,1,0,2,0
1730,47,5,2,1,2,2
1731,22,7,2,0,3,2
1732,82,7,3,0,2,0
1733,23,9,3,1,2,0
1734,82,6,3,0,2,1
1735,40,6,2,0,5,1
1736,33,4,3,1,3,0
1737,53,7,2,1,2,2
1738,34,5,3,1,4,1
1739,60,6,2,1,5,1
1740,51,7,1,1,4,2
1741,28,6,2,1,4,0
1742,40,9,2,1,1,2
1743,70,7,2,1,5,2
1744,27,6,2,0,4,2
1745,37,5,2,0,5,0
1746,27,5,1,0,2,2
1747,53,5,2,0,3,2
1748,50,4,3,0,5,2
1749,63,7,1,0,5,1
1750,23,9,3,0,3,0
1751,39,5,1,0,4,0
1752,85,1,3,1,2,2
1753,17,2,2,0,3,0
1754,69,6,2,0,1,2
1755,34,7,2,0,1,1
1756,82,5,2,0,4,1
1757,59,6,3,1,5,0
1758,67,9,3,0,4,2
1759,29,1,1,0,5,1
1760,67,4,2,1,4,1
1761,58,6,2,1,2,1
1762,72,9,3,0,5,2
1763,36,9,3,0,3,0
1764,61,1,2,0,4,2
1765,32,1,2,1,3,1
1766,83,8,2,0,4,0
1767,39,9,2,1,5,0
1768,60,2,3,1,4,1
1769,60,2,2,0,4,0
1770,20,5,2,0,5,1
1771,67,1,2,0,3,2
1772,71,9,2,0,5,2
1773,63,5,2,1,5,1
1774,29,6,2,0,1,2
1775,70,4,2,0,4,1
1776,64,5,2,1,1,0
1777,22,5,3,0,1,2
1778,21,5,3,0,5,2
1779,72,9,2,1,3,1
1780,41,1,2,1,1,1
1781,46,5,2,1,3,2
1782,68,5,2,1,1,0
1783,27,8,3,0,1,2
1784,56,7,2,1,3,2
1785,74,7,3,0,2,0
1786,24,3,2,0,3,2
1787,20,6,3,1,5,0
1788,25,8,1,1,4,0
1789,42,9,3,0,4,1
1790,58,4,2,1,1,1
1791,29,2,2,0,5,0
1792,18,5,3,0,2,1
1793,42,7,2,1,1,2
1794,29,4,3,0,2,1
1795,43,8,2,0,3,2
1796,24,5,2,0,1,1
1797,63,7,2,1,3,0
1798,78,9,3,0,5,1
1799,45,2,2,0,5,2
1800,62,8,2,0,3,0
1801,40,1,1,0,5,0
1802,19,3,2,0,4,0
1803,27,8,1,1,2,2
1804,19,9,3,1,4,1
1805,54,9,3,0,3,1
1806,32,7,2,1,5,2
1807,55,5,2,0,3,2
1808,77,4,2,1,4,2
1809,67,3,3,0,4,0
1810,24,5,3,1,2,1
1811,39,9,2,1,4,0
1812,30,9,3,0,5,2
1813,35,6,2,1,2,2
1814,34,8,1,0,4,1
1815,16,3,2,1,1,0
1816,45,9,3,0,1,1
1817,42,7,3,0,2,2
1818,82,9,2,1,2,2
1819,27,8,2,0,3,2
1820,48,3,3,0,5,0
1821,43,1,2,1,2,0
1822,71,6,3,0,2,0
1823,16,7,1,1,2,2
1824,57,8,2,1,5,0
1825,51,5,2,0,2,2
1826,40,1,2,1,1,2
1827,46,7,2,1,2,1
1828,41,9,3,0,2,0
1829,79,5,2,1,2,1
1830,39,6,2,0,1,2
1831,26,1,2,1,1,1
1832,61,7,2,1,1,1
1833,38,4,2,1,3,1
1834,74,5,2,1,2,0
1835,53,5,2,0,3,2
1836,22,3,2,1,2,1
1837,49,8,3,0,5,2
1838,40,6,2,0,5,0
1839,30,4,3,1,4,2
1840,39,7,2,0,2,1
1841,49,3,3,1,2,0
1842,53,6,2,1,1,0
1843,16,7,3,1,2,1
1844,29,7,2,1,5,0
1845,47,4,2,1,4,1
1846,68,1,2,1,3,0
1847,69,7,2,0,3,1
1848,74,7,2,0,2,1
1849,70,6,2,0,2,2
1850,22,6,2,1,5,2
1851,32,7,3,1,1,2
1852,55,9,2,1,4,2
1853,66,2,2,0,2,2
1854,58,4,3,1,5,0
1855,20,5,1,1,5,0
1856,31,6,3,0,4,0
1857,64,4,2,1,2,0
1858,22,7,2,0,5,2
1859,30,4,2,0,1,0
1860,51,1,3,1,3,2
1861,73,5,2,1,1,0
1862,32,5,3,1,2,0
1863,38,1,3,1,3,1
1864,42,6,3,0,4,0
1865,73,4,3,0,2,2
1866,44,9,3,1,3,2
1867,31,9,2,1,3,0
1868,85,5,2,0,3,2
1869,46,4,2,0,4,1
1870,77,5,3,0,3,1
1871,47,5,2,1,1,0
1872,62,6,1,1,1,2
1873,27,9,3,1,4,0
1874,58,4,3,0,4,0
1875,41,1,3,0,3,1
1876,38,1,2,1,4,0
1877,41,9,2,1,1,2
1878,21,6,2,1,5,2
1879,32,2,1,0,2,0
1880,38,4,2,1,3,2
1881,55,4,1,1,4,2
1882,42,7,2,1,2,1
1883,68,7,2,1,5,1
1884,39,9,1,0,1,1
1885,21,9,3,1,3,1
1886,42,9,3,1,4,1
1887,79,5,2,1,4,1
1888,67,2,3,0,4,1
1889,24,9,3,0,2,2
1890,27,6,2,0,5,2
1891,79,7,2,1,4,0
1892,54,7,3,0,4,2
1893,55,5,3,1,2,1
1894,46,7,2,0,3,0
1895,25,5,2,0,1,2
1896,85,5,2,0,5,2
1897,32,2,2,0,4,2
1898,57,9,3,0,5,2
1899,26,5,3,1,3,2
1900,21,3,2,1,5,0
1901,62,1,3,0,2,2
1902,63,9,2,0,2,1
1903,75,4,2,1,2,1
1904,68,3,3,0,2,0
1905,60,5,3,0,3,2
1906,36,5,1,0,5,2
1907,85,7,2,0,4,1
1908,69,9,2,0,3,2
1909,35,7,3,1,4,2
1910,41,5,2,0,2,2
1911,29,2,2,1,5,1
1912,58,4,3,1,2,1
1913,72,4,2,0,1,1
1914,17,9,2,1,1,1
1915,16,8,2,1,1,0
1916,83,9,3,1,2,0
1917,75,7,2,1,4,0
1918,45,9,3,0,3,1
1919,49,3,2,1,1,1
1920,80,9,2,1,1,0
1921,54,8,2,0,2,2
1922,15,5,3,1,5,2
1923,57,6,2,1,2,2
1924,30,4,2,0,3,0
1925,37,7,2,1,4,0
1926,44,7,2,0,1,1
1927,54,5,2,1,2,0
1928,27,9,3,0,1,0
1929,49,5,1,0,3,2
1930,23,1,2,1,3,2
1931,40,7,2,0,5,1
1932,43,9,2,1,1,2
1933,47,8,2,1,5,2
1934,31,8,3,1,5,1
1935,26,1,2,1,1,0
1936,22,8,3,0,3,1
1937,39,8,1,0,1,2
1938,33,9,3,1,1,2
1939,64,7,3,1,4,1
1940,79,8,2,1,5,1
1941,85,7,2,1,1,2
1942,45,6,1,1,2,0
1943,76,6,2,0,3,0
1944,73,8,3,0,1,1
1945,17,9,3,1,3,0
1946,83,5,2,0,5,0
1947,37,7,2,0,5,1
1948,63,8,2,1,2,1
1949,76,7,2,1,5,2
1950,37,9,3,0,3,2
1951,20,4,2,1,5,0
1952,54,7,3,0,2,2
1953,47,9,2,0,5,0
1954,47,6,2,0,1,0
1955,80,6,3,0,1,0
1956,17,3,3,1,5,0
1957,39,1,3,1,5,0
1958,49,4,3,0,3,1
1959,69,8,2,0,5,1
1960,68,7,2,0,2,1
1961,28,4,2,0,5,2
1962,34,8,2,1,4,1
1963,52,1,2,0,5,1
1964,35,3,3,0,5,0
1965,20,9,3,0,4,0
1966,63,8,2,1,5,2
1967,61,7,3,0,5,0
1968,32,9,3,1,5,2
1969,15,5,2,1,1,2
1970,44,7,2,0,3,0
1971,19,4,2,1,2,1
1972,73,1,3,0,1,2
1973,51,4,2,0,3,0
1974,84,6,2,1,5,1
1975,59,7,3,1,2,1
1976,63,2,3,0,5,0
1977,41,5,2,1,3,1
1978,45,3,2,0,5,0
1979,42,9,2,1,3,1
1980,78,5,3,1,4,2
1981,29,7,3,0,1,2
1982,58,9,2,1,4,2
1983,46,5,2,1,2,1
1984,43,7,2,1,3,0
1985,51,9,3,0,4,2
1986,77,5,2,1,1,1
1987,30,7,3,0,3,2
1988,43,3,2,1,3,0
1989,64,1,3,1,3,0
1990,42,5,2,1,5,2
1991,17,5,2,0,4,0
1992,35,5,2,0,2,1
1993,50,2,2,0,3,0
1994,32,4,2,0,5,2
1995,23,5,2,1,2,2
1996,36,7,2,0,4,1
1997,83,5,2,0,3,0
1998,44,9,2,1,5,1
1999,74,7,3,0,5,0
2000,77,9,3,0,2,2
2001,47,9,3,0,5,2
2002,56,5,2,0,3,1
2003,74,9,2,0,5,1
2004,50,4,2,1,3,2
2005,61,6,3,0,1,0
2006,46,2,1,1,3,2
2007,75,9,3,0,4,1
2008,21,8,3,1,1,2
2009,61,1,1,0,4,2
2010,71,1,1,0,1,1
2011,60,3,2,0,5,2
2012,60,9,2,0,4,1
2013,45,6,3,1,1,1
2014,34,7,2,1,1,1
2015,19,1,2,1,2,0
2016,66,5,3,0,2,1
2017,25,9,1,1,4,0
2018,55,3,2,0,3,0
2019,49,7,2,1,3,0
2020,38,4,2,0,5,0
2021,68,4,2,0,4,0
2022,41,4,2,1,2,0
2023,41,7,1,1,5,1
2024,31,7,3,0,1,2
2025,47,8,3,1,2,0
2026,54,5,3,1,2,1
2027,69,6,3,1,3,2
2028,17,5,2,0,4,1
2029,43,2,2,1,4,0
2030,19,9,3,1,4,1
2031,38,9,3,1,3,2
2032,31,9,3,1,5,0
2033,71,9,2,1,1,2
2034,85,8,3,0,4,2
2035,33,9,2,0,3,1
2036,81,5,3,0,1,1
2037,33,5,3,1,5,0
2038,58,5,1,1,3,2
2039,82,6,2,1,1,1
2040,48,8,2,1,4,2
2041,34,7,3,0,2,1
2042,32,8,3,0,5,2
2043,35,5,3,0,5,2
2044,76,9,2,1,2,1
2045,19,4,2,0,5,0
2046,75,3,3,0,4,2
2047,38,5,2,1,2,0
2048,65,5,2,0,3,1
2049,24,6,2,0,5,1
2050,15,4,3,0,3,2
2051,62,3,1,0,2,0
2052,31,6,3,1,1,2
2053,83,4,3,1,3,1
2054,20,4,2,0,3,0
2055,20,7,3,0,1,0
2056,70,7,1,0,3,0
2057,36,2,3,1,5,2
2058,71,6,2,1,4,2
2059,70,8,2,1,2,2
2060,15,7,2,0,1,0
2061,45,8,3,1,3,2
2062,62,1,2,1,4,1
2063,65,9,3,1,1,2
2064,48,6,2,1,2,2
2065,75,9,2,1,5,1
2066,19,7,2,0,3,0
2067,15,7,2,0,5,0
2068,54,5,3,0,2,2
2069,71,3,1,0,4,0
2070,63,1,3,0,2,2
2071,21,6,2,1,2,1
2072,33,7,3,0,5,2
2073,39,6,2,0,3,0
2074,68,3,2,1,4,2
2075,85,2,2,0,5,0
2076,53,7,3,0,2,2
2077,73,9,3,1,2,0
2078,40,4,2,1,3,0
2079,65,7,3,1,4,1
2080,52,9,2,0,5,1
2081,63,7,2,1,5,1
2082,34,2,3,1,5,1
2083,70,5,1,0,3,2
2084,20,5,2,0,2,2
2085,17,2,2,0,5,0
2086,56,1,3,0,2,0
2087,28,6,2,0,4,1
2088,79,5,2,0,4,0
2089,57,3,1,0,4,1
2090,16,7,2,1,5,0
2091,17,6,2,0,2,1
2092,35,8,3,1,2,2
2093,59,2,2,0,3,0
2094,85,2,2,1,3,0
2095,81,9,2,0,5,0
2096,79,4,2,0,2,0
2097,43,4,3,0,2,1
2098,35,1,2,1,4,1
2099,62,3,1,0,4,2
2100,79,5,3,1,1,1
2101,83,3,2,1,5,0
2102,61,6,1,1,4,1
2103,84,5,1,1,4,2
2104,21,5,3,0,4,0
2105,23,1,2,1,4,0
2106,79,7,2,1,4,1
2107,61,9,2,1,3,0
2108,22,1,2,1,2,2
2109,83,7,2,1,1,0
2110,17,8,3,1,2,0
2111,34,5,2,1,4,2
2112,67,9,3,0,4,1
2113,79,9,2,1,2,2
2114,21,2,3,1,5,0
2115,27,7,2,1,3,0
2116,58,4,3,1,2,0
2117,78,6,2,0,5,1
2118,26,6,2,0,1,0
2119,49,5,1,0,2,0
2120,23,9,2,1,1,2
2121,44,8,3,1,2,0
2122,35,6,2,0,1,1
2123,59,1,2,0,3,2
2124,77,5,3,0,2,2
2125,85,7,2,1,1,2
2126,85,5,2,1,1,1
2127,33,4,2,1,2,0
2128,77,5,3,0,5,0
2129,35,5,1,0,3,0
2130,81,3,2,0,2,1
2131,17,9,2,0,1,1
2132,83,9,1,0,5,0
2133,84,2,2,1,3,2
2134,70,5,3,1,3,1
2135,20,7,2,1,4,2
2136,39,1,2,1,5,0
2137,34,4,2,0,2,1
2138,39,8,2,1,2,2
2139,67,4,3,1,1,0
2140,82,9,2,1,3,1
2141,61,9,3,1,5,1
2142,22,2,3,1,4,1
2143,53,1,2,1,1,0
2144,66,7,3,0,1,2
2145,23,5,2,1,5,0
2146,73,3,2,1,2,2
2147,53,5,2,1,1,2
2148,25,6,3,1,3,1
2149,40,6,3,1,2,0
2150,62,7,3,1,5,0
2151,51,3,2,0,1,1
2152,69,4,2,0,1,1
2153,75,7,2,1,5,2
2154,45,1,3,1,2,1
2155,31,5,2,0,5,0
2156,16,6,2,1,2,2
2157,78,3,2,1,5,2
2158,75,4,2,1,1,0
2159,25,3,3,1,2,2
2160,63,1,2,1,5,2
2161,32,9,2,1,5,2
2162,39,3,3,1,1,0
2163,24,7,2,1,5,2
2164,24,5,2,1,5,0
2165,48,3,3,0,4,2
2166,24,6,2,0,3,1
2167,84,6,2,1,3,1
2168,42,7,2,0,3,2
2169,26,9,1,1,4,0
2170,77,8,2,1,5,0
2171,80,8,3,0,5,2
2172,67,5,3,1,3,0
2173,21,8,3,1,1,1
2174,30,1,3,0,4,0
2175,47,6,2,1,4,2
2176,53,7,2,0,4,0
2177,46,7,2,1,2,2
2178,48,8,1,0,4,2
2179,68,7,2,1,4,1
2180,61,4,2,1,4,2
2181,64,6,1,1,5,0
2182,22,6,2,1,1,1
2183,68,9,2,0,1,1
2184,74,7,1,1,5,1
2185,56,5,2,0,1,2
2186,66,2,2,0,1,2
2187,64,6,3,0,5,1
2188,46,1,2,1,4,0
2189,28,7,2,1,3,2
2190,81,2,2,1,2,1
2191,52,8,2,1,2,0
2192,61,4,2,1,2,0
2193,31,8,3,0,2,2
2194,44,3,2,0,5,0
2195,25,6,2,1,4,2
2196,49,1,2,0,3,0
2197,40,5,2,0,5,0
2198,60,6,2,0,4,2
2199,70,5,2,1,1,1
2200,20,6,2,1,5,1
2201,68,7,2,0,2,2
2202,41,7,2,1,2,0
2203,67,9,3,1,5,0
2204,80,9,2,0,1,0
2205,78,8,2,1,3,0
2206,28,1,2,0,3,2
2207,67,7,3,0,2,2
2208,36,7,2,0,1,1
2209,63,8,1,1,4,1
2210,57,9,2,1,3,2
2211,40,7,2,1,2,2
2212,35,9,3,0,3,1
2213,76,5,3,1,3,0
2214,78,5,2,0,2,2
2215,77,4,3,1,5,2
2216,20,6,1,0,2,0
2217,78,4,3,0,2,0
2218,66,8,2,0,4,1
2219,65,7,2,1,4,0
2220,29,1,2,0,3,1
2221,66,7,2,1,1,2
2222,26,8,2,0,4,0
2223,16,2,3,0,2,2
2224,21,5,3,1,5,0
2225,72,1,2,0,3,1
2226,83,6,2,1,5,0
2227,42,2,3,0,4,1
2228,62,7,1,1,4,1
2229,30,6,2,0,5,0
2230,36,8,3,0,1,0
2231,60,7,2,1,3,0
2232,40,7,1,1,1,2
2233,24,8,2,1,2,1
2234,78,3,2,0,2,2
2235,70,2,2,0,3,2
2236,54,1,3,0,2,1
2237,25,3,3,1,2,2
2238,16,6,3,1,4,1
2239,63,7,3,1,1,1
2240,16,9,2,1,1,0
2241,76,4,2,0,3,1
2242,27,7,3,0,3,1
2243,52,8,2,1,2,0
2244,25,3,3,0,2,2
2245,57,9,3,1,3,2
2246,59,1,3,1,5,0
2247,59,4,3,1,1,1
2248,72,3,3,0,3,0
2249,37,6,1,1,1,0
2250,70,9,3,0,3,0
2251,66,1,3,1,4,1
2252,74,7,1,0,3,1
2253,37,4,3,1,1,1
2254,38,1,2,1,2,2
2255,70,1,2,1,4,1
2256,30,8,2,1,4,0
2257,46,9,2,1,5,2
2258,76,7,2,0,4,1
2259,21,2,1,1,1,2
2260,35,9,2,0,5,0
2261,62,3,2,1,3,2
2262,58,8,1,1,1,2
2263,31,4,3,1,2,2
2264,46,1,2,1,4,2
2265,76,4,2,0,4,2
2266,85,6,3,1,4,0
2267,79,2,2,0,2,1
2268,39,9,3,1,5,0
2269,56,8,2,1,1,0
2270,56,4,3,0,4,0
2271,79,5,1,0,3,1
2272,16,6,2,1,2,2
2273,33,8,2,0,3,0
2274,43,7,2,1,4,1
2275,65,5,2,0,2,2
2276,30,5,2,1,4,0
2277,61,3,3,0,1,1
2278,61,8,2,1,4,0
2279,19,1,2,0,5,1
2280,36,8,2,1,2,1
2281,80,9,2,0,1,1
2282,27,8,2,1,2,0
2283,32,6,2,1,5,2
2284,54,3,3,0,2,0
2285,33,9,3,0,1,0
2286,74,9,2,1,2,1
2287,58,6,2,1,2,1
2288,68,5,2,0,5,2
2289,76,5,2,0,3,2
2290,39,6,2,1,5,2
2291,73,9,3,1,1,0
2292,36,2,2,0,4,0
2293,23,6,3,1,1,1
2294,53,4,3,0,3,2
2295,44,3,2,0,1,2
2296,58,9,3,0,1,1
2297,79,1,1,0,4,0
2298,27,5,2,1,4,0
2299,43,6,2,1,2,0
2300,48,1,1,1,3,0
2301,45,6,1,1,4,1
2302,69,6,2,1,3,0
2303,70,3,2,0,3,0
2304,39,3,2,1,1,0
2305,75,9,3,0,2,1
2306,22,7,3,1,4,0
2307,55,7,2,0,1,0
2308,17,5,2,0,5,2
2309,41,2,2,1,2,0
2310,16,3,2,1,5,2
2311,42,1,2,1,5,2
2312,50,1,2,0,4,1
2313,73,6,2,1,2,1
2314,70,7,2,0,1,1
2315,60,5,3,0,5,0
2316,62,7,3,1,3,1
2317,26,1,3,0,1,1
2318,51,9,3,0,4,0
2319,24,3,3,1,5,2
2320,65,6,2,0,1,0
2321,58,9,2,0,4,2
2322,66,5,2,1,2,1
2323,76,6,2,1,5,2
2324,30,8,3,1,1,2
2325,79,3,3,1,1,0
2326,19,1,3,1,5,2
2327,49,7,2,1,2,0
2328,51,3,3,1,5,0
2329,74,5,2,0,3,0
2330,77,5,2,1,3,0
2331,72,1,3,1,1,2
2332,57,6,2,0,2,1
2333,67,6,3,1,4,0
2334,65,8,3,0,1,2
2335,33,1,3,1,4,2
2336,22,1,3,1,2,2
2337,24,9,2,1,4,1
2338,22,1,3,1,1,2
2339,28,3,1,0,5,1
2340,71,5,2,1,3,1
2341,20,7,3,1,3,1
2342,26,9,3,1,4,2
2343,72,4,3,1,1,1
2344,31,4,2,1,2,2
2345,62,9,3,0,5,2
2346,22,6,1,0,5,1
2347,80,7,2,0,1,0
2348,75,8,2,0,2,2
2349,71,4,3,0,4,1
2350,81,1,2,0,5,1
2351,54,5,2,1,3,2
2352,27,8,3,1,3,0
2353,72,4,3,0,4,1
2354,25,5,2,1,1,0
2355,50,1,1,1,1,1
2356,71,1,2,1,4,0
2357,69,8,2,1,3,0
2358,29,4,1,0,3,2
2359,42,1,3,0,3,0
2360,58,4,2,1,1,2
2361,72,7,2,0,3,2
2362,63,6,1,0,2,2
2363,31,5,2,0,1,0
2364,82,9,3,1,4,2
2365,26,5,3,0,4,1
2366,52,8,3,0,1,1
2367,71,3,2,1,5,0
2368,46,9,2,1,2,0
2369,53,8,3,0,5,2
2370,44,5,2,1,4,2
2371,48,4,2,1,4,1
2372,17,4,2,1,1,2
2373,57,6,2,0,3,1
2374,19,4,2,0,1,1
2375,77,7,2,0,4,1
2376,63,6,2,0,3,2
2377,37,5,2,1,5,2
2378,22,4,2,0,5,0
2379,68,2,3,1,3,1
2380,78,4,3,1,5,0
2381,65,5,2,1,5,0
2382,27,1,3,1,5,1
2383,64,5,3,1,1,1
2384,42,7,2,0,1,2
2385,50,1,2,1,5,1
2386,66,8,2,0,1,2
2387,76,7,1,1,5,1
2388,85,6,2,1,5,2
2389,68,8,2,0,4,2
2390,49,6,3,0,4,2
2391,42,3,2,1,2,1
2392,47,5,2,0,5,1
2393,36,3,3,0,4,0
2394,34,3,2,1,2,0
2395,51,5,2,0,5,2
2396,32,5,3,0,1,0
2397,85,6,2,0,4,1
2398,81,7,3,1,4,2
2399,41,3,3,0,5,2
2400,59,8,2,0,4,2
2401,52,5,2,1,2,1
2402,84,2,2,0,2,1
2403,61,8,3,0,1,1
2404,45,2,2,1,2,2
2405,33,7,2,1,3,2
2406,53,9,1,0,3,0
2407,16,3,2,0,3,0
2408,46,6,2,1,1,2
2409,44,2,2,1,3,0
2410,71,5,2,0,4,0
2411,28,7,2,0,3,2
2412,37,1,2,0,5,2
2413,26,1,3,0,4,0
2414,58,6,2,0,4,2
2415,32,1,3,1,3,2
2416,35,5,1,0,2,2
2417,29,9,2,0,1,1
2418,74,8,3,0,3,0
2419,62,8,2,0,5,0
2420,80,5,3,0,2,2
2421,54,3,2,1,5,2
2422,37,9,2,0,5,0
2423,41,9,1,1,5,0
2424,40,6,1,1,2,0
2425,70,5,2,0,3,0
2426,46,9,3,0,5,0
2427,26,7,3,1,3,1
2428,48,1,3,0,5,2
2429,63,9,2,1,5,0
2430,65,4,2,1,3,0
2431,36,9,1,1,2,2
2432,83,7,2,0,5,1
2433,39,5,2,1,2,0
2434,59,4,2,1,5,0
2435,29,4,3,0,5,2
2436,40,9,3,1,2,2
2437,45,5,3,1,5,1
2438,85,9,2,1,4,0
2439,37,2,3,0,3,2
2440,16,5,2,1,4,1
2441,76,1,3,0,5,1
2442,15,3,2,1,5,1
2443,45,6,2,0,1,0
2444,16,8,3,0,3,0
2445,28,6,1,1,2,2
2446,34,7,2,1,1,2
2447,68,4,2,1,3,2
2448,69,7,3,0,1,1
2449,49,5,1,0,3,2
2450,34,5,2,1,5,1
2451,23,1,2,0,5,1
2452,66,6,2,1,4,1
2453,81,6,3,0,2,2
2454,29,6,2,1,1,2
2455,66,5,3,0,3,1
2456,63,4,2,1,2,2
2457,79,1,2,0,3,1
2458,79,5,3,1,1,0
2459,16,7,2,1,4,1
2460,51,8,3,0,1,0
2461,18,2,1,1,1,2
2462,44,5,2,0,1,0
2463,78,4,2,0,3,0
2464,54,7,3,1,5,2
2465,54,5,2,1,3,2
2466,19,2,2,1,1,0
2467,16,2,3,0,4,0
2468,32,5,3,0,5,0
2469,83,4,3,1,2,2
2470,18,5,3,0,3,0
2471,38,9,3,0,4,0
2472,73,8,3,1,4,0
2473,84,7,2,0,3,2
2474,36,4,2,0,3,2
2475,50,5,3,1,1,2
2476,68,6,2,0,1,1
2477,65,9,2,0,3,0
2478,56,6,2,0,4,1
2479,74,7,2,1,2,0
2480,58,3,3,0,4,2
2481,42,6,2,1,5,2
2482,25,5,2,1,2,1
2483,59,1,3,1,4,0
2484,57,1,2,1,3,1
2485,39,7,2,0,4,2
2486,33,6,2,1,1,1
2487,52,1,2,0,4,0
2488,47,7,3,1,4,1
2489,59,7,3,0,3,2
2490,77,5,3,1,4,0
2491,69,5,1,0,1,2
2492,27,4,2,0,5,2
2493,60,9,2,0,4,2
2494,70,5,2,1,3,1
2495,23,5,1,0,3,1
2496,40,9,3,0,5,0
2497,76,6,1,0,3,1
2498,20,5,3,1,3,2
2499,27,9,2,1,4,1
2500,64,9,3,0,4,2
2501,37,7,3,0,3,2
2502,70,8,1,1,3,1
2503,83,7,2,0,4,2
2504,57,1,3,1,4,0
2505,41,9,2,0,1,0
2506,65,6,2,1,5,1
2507,20,1,2,1,4,0
2508,73,6,1,0,2,0
2509,38,5,2,1,5,2
2510,34,4,2,0,2,2
2511,24,1,1,0,5,0
2512,38,5,3,0,2,1
2513,35,5,2,0,2,2
2514,56,3,3,1,4,2
2515,75,8,3,1,4,0
2516,50,4,3,1,3,1
2517,20,9,2,0,2,1
2518,73,6,2,1,1,2
2519,16,5,1,0,5,1
2520,63,2,2,1,5,1
2521,67,9,2,1,4,2
2522,25,4,3,1,4,2
2523,20,5,3,0,1,2
2524,68,1,2,0,2,1
2525,50,3,2,0,3,1
2526,62,5,3,1,4,2
2527,40,9,1,1,3,2
2528,83,6,2,1,2,0
2529,38,1,2,1,3,2
2530,40,8,2,1,1,1
2531,55,9,1,1,3,2
2532,82,9,2,1,3,0
2533,48,5,2,0,3,1
2534,25,5,3,0,1,2
2535,60,8,2,0,1,0
2536,39,7,2,1,4,1
2537,83,3,2,0,1,1
2538,65,4,1,0,5,1
2539,73,7,3,0,2,1
2540,24,2,3,1,4,2
2541,16,7,2,0,1,2
2542,78,8,1,1,5,1
2543,70,2,1,1,4,2
2544,52,7,2,1,2,0
2545,65,5,3,0,4,0
2546,56,2,2,0,4,0
2547,17,1,2,0,2,2
2548,27,5,2,0,1,2
2549,24,2,2,1,4,1
2550,72,3,3,1,4,0
2551,72,4,3,1,3,2
2552,80,8,2,0,3,0
2553,51,6,3,0,4,0
2554,80,7,3,1,5,1
2555,54,4,2,1,5,1
2556,46,5,2,1,5,1
2557,36,5,2,0,3,0
2558,26,7,2,1,1,2
2559,53,9,3,1,5,0
2560,54,6,3,1,3,0
2561,35,6,3,0,3,1
2562,81,6,3,0,5,1
2563,83,7,2,1,3,1
2564,19,2,2,1,2,2
2565,70,8,3,1,4,2
2566,47,3,3,0,3,1
2567,64,4,2,0,2,0
2568,19,4,1,0,3,2
2569,59,7,2,0,3,2
2570,70,5,2,0,5,1
2571,32,7,2,0,1,2
2572,47,2,2,0,4,1
2573,64,2,2,0,5,1
2574,40,5,2,1,2,1
2575,23,5,3,1,2,0
2576,48,3,2,1,1,0
2577,63,7,2,0,1,1
2578,33,7,3,0,5,2
2579,31,5,3,0,3,0
2580,63,2,2,0,1,1
2581,17,4,2,0,5,0
2582,70,1,3,0,1,0
2583,42,8,3,0,4,0
2584,52,4,2,0,4,0
2585,74,4,2,0,4,1
2586,66,3,3,1,1,1
2587,15,5,2,0,2,1
2588,35,7,1,0,2,2
2589,38,2,3,0,1,1
2590,77,9,2,1,5,2
2591,42,7,3,1,4,2
2592,44,4,2,1,5,2
2593,18,7,3,0,4,1
2594,75,4,2,1,1,1
2595,34,6,2,1,5,0
2596,68,9,1,1,3,0
2597,46,7,3,0,4,1
2598,49,9,2,0,5,0
2599,72,4,3,1,5,1
2600,38,3,2,0,4,2
2601,65,8,3,0,4,0
2602,46,7,3,1,1,0
2603,56,7,2,1,1,2
2604,68,3,2,0,5,2
2605,19,7,2,0,5,0
2606,15,8,2,1,3,0
2607,32,8,2,1,1,2
2608,49,2,3,0,4,0
2609,52,5,2,0,5,0
2610,24,6,1,0,3,1
2611,62,3,1,1,3,0
2612,44,4,2,0,3,2
2613,52,3,2,1,4,0
2614,53,6,1,1,5,1
2615,26,7,2,0,4,0
2616,57,5,2,0,2,1
2617,66,7,3,0,1,1
2618,16,2,2,0,4,1
2619,44,3,2,0,5,0
2620,46,6,3,0,5,1
2621,22,4,2,0,5,2
2622,16,3,3,1,2,2
2623,29,2,1,0,3,1
2624,61,7,2,1,3,0
2625,16,3,3,0,5,0
2626,62,7,2,0,2,2
2627,41,2,3,0,2,0
2628,48,4,2,0,1,1
2629,58,4,2,1,1,2
2630,63,4,1,0,3,0
2631,30,7,2,1,1,1
2632,41,5,1,0,5,1
2633,80,2,1,1,2,0
2634,79,6,2,0,5,2
2635,54,8,1,0,4,2
2636,29,4,2,1,1,1
2637,28,9,3,0,2,1
2638,60,4,3,1,1,2
2639,35,1,2,1,2,1
2640,42,6,3,0,2,2
2641,43,4,3,1,1,2
2642,58,4,2,1,3,1
2643,83,1,2,0,4,0
2644,64,4,2,1,2,0
2645,31,9,2,0,5,0
2646,75,9,3,0,4,1
2647,70,5,2,0,5,1
2648,44,9,2,0,4,1
2649,36,1,2,0,4,0
2650,58,6,2,1,5,1
2651,21,7,2,1,5,1
2652,72,5,3,0,3,0
2653,55,2,2,0,4,0
2654,69,2,2,1,4,0
2655,43,8,1,0,2,0
2656,31,6,3,0,1,2
2657,28,4,2,1,4,0
2658,37,3,3,0,2,0
2659,37,5,2,0,2,1
2660,33,3,2,1,2,1
2661,59,4,2,1,5,0
2662,61,3,2,0,4,1
2663,29,4,1,1,3,2
2664,23,7,2,1,2,1
2665,40,2,2,1,4,2
2666,77,8,3,1,1,2
2667,22,7,1,0,4,1
2668,77,5,2,1,4,1
2669,20,6,1,0,3,2
2670,77,7,1,1,4,1
2671,73,8,2,1,4,2
2672,16,1,3,0,4,2
2673,53,2,1,1,4,0
2674,21,8,3,0,3,1
2675,17,9,3,1,5,1
2676,53,5,3,0,1,1
2677,36,6,1,1,4,0
2678,56,1,2,1,1,2
2679,20,7,2,1,4,1
2680,30,2,2,0,2,2
2681,53,4,2,0,3,1
2682,21,6,2,0,2,0
2683,22,5,3,0,2,0
2684,59,9,2,1,5,2
2685,18,7,3,1,2,2
2686,58,9,3,0,1,2
2687,35,6,2,0,5,1
2688,73,8,2,1,1,1
2689,53,9,2,1,4,2
2690,37,7,2,1,2,2
2691,44,5,2,0,2,1
2692,65,6,2,1,3,2
2693,49,7,1,0,1,1
2694,35,2,1,0,5,1
2695,40,1,3,1,2,1
2696,55,9,3,0,1,0
2697,28,9,2,0,1,2
2698,51,7,1,1,2,0
2699,29,3,2,1,5,1
2700,34,2,2,0,4,2
2701,52,6,2,1,1,2
2702,36,3,2,1,1,0
2703,26,7,2,0,1,2
2704,34,1,2,0,2,2
2705,25,7,3,1,5,0
2706,48,5,1,0,3,2
2707,60,4,2,0,1,1
2708,73,3,3,1,2,0
2709,45,6,2,1,4,0
2710,60,7,2,0,1,2
2711,76,3,2,1,3,0
2712,42,8,3,1,2,0
2713,51,7,2,1,3,0
2714,17,7,1,1,5,2
2715,54,9,2,1,1,2
2716,52,8,3,1,4,1
2717,38,6,3,0,5,1
2718,71,2,2,1,3,0
2719,77,7,3,1,3,0
2720,40,7,2,1,2,2
2721,64,8,2,1,5,2
2722,74,7,2,1,3,0
2723,84,6,3,0,3,1
2724,80,7,2,0,5,1
2725,61,7,1,1,4,1
2726,59,5,2,0,1,1
2727,85,7,3,1,4,1
2728,28,1,2,0,1,2
2729,85,5,3,1,3,2
2730,51,4,3,1,4,2
2731,58,5,2,0,3,1
2732,30,4,1,1,4,0
2733,85,8,1,0,3,2
2734,33,8,2,1,5,2
2735,66,6,1,0,2,2
2736,71,6,1,0,3,2
2737,35,9,3,0,4,2
2738,56,9,2,0,2,2
2739,55,1,3,1,1,1
2740,82,6,2,1,2,2
2741,65,7,3,0,4,0
2742,40,5,2,0,1,2
2743,15,5,3,1,1,0
2744,62,3,3,0,5,2
2745,18,5,2,0,4,2
2746,56,9,2,1,1,0
2747,30,9,2,0,5,2
2748,17,8,2,1,1,2
2749,25,2,3,1,4,0
2750,65,9,2,0,1,2
2751,36,4,3,1,1,2
2752,33,8,3,0,5,0
2753,45,6,2,0,2,1
2754,61,5,3,0,3,0
2755,73,4,2,1,3,0
2756,76,3,2,1,2,1
2757,44,3,2,1,4,2
2758,84,1,3,0,3,0
2759,29,5,2,1,3,0
2760,17,4,3,0,5,0
2761,21,6,1,0,1,2
2762,49,6,3,0,3,2
2763,65,5,3,0,5,0
2764,55,4,2,1,2,1
2765,22,1,3,1,5,2
2766,25,9,2,1,2,1
2767,54,6,1,1,5,2
2768,18,9,3,1,2,0
2769,26,6,2,0,2,1
2770,40,7,2,1,5,2
2771,58,4,2,1,4,2
2772,55,8,1,1,5,0
2773,73,5,2,1,4,1
2774,21,5,1,1,2,1
2775,71,6,2,0,3,1
2776,41,2,3,1,2,1
2777,33,7,1,0,2,0
2778,59,3,3,1,1,0
2779,34,5,1,1,5,1
2780,17,3,3,0,1,0
2781,37,9,3,1,4,0
2782,16,5,2,0,2,0
2783,84,3,2,0,1,1
2784,48,6,2,0,5,1
2785,67,5,2,0,2,1
2786,26,4,2,0,5,0
2787,66,7,1,1,2,2
2788,26,6,2,0,5,0
2789,71,8,2,1,1,2
2790,56,5,2,1,4,1
2791,67,7,2,0,4,2
2792,67,2,2,0,5,0
2793,16,9,2,1,5,2
2794,18,9,2,1,4,1
2795,22,7,3,1,4,0
2796,23,6,3,1,2,2
2797,69,8,2,0,5,2
2798,64,2,2,0,1,0
2799,75,5,2,1,3,2
2800,16,7,2,0,2,2
2801,68,6,3,1,1,0
2802,78,3,1,0,1,1
2803,43,2,2,0,3,2
2804,21,3,2,1,1,2
2805,45,5,2,0,1,1
2806,53,3,2,0,5,1
2807,43,7,2,0,3,1
2808,77,9,2,0,3,1
2809,49,3,2,1,3,1
2810,24,2,2,1,1,1
2811,48,1,1,0,4,2
2812,35,8,2,0,1,0
2813,72,7,2,1,3,1
2814,54,4,3,1,2,2
2815,77,7,3,1,3,0
2816,73,1,2,1,1,1
2817,36,9,1,1,1,2
2818,60,5,2,0,3,2
2819,62,5,2,0,5,2
2820,20,6,3,1,3,2
2821,73,8,2,0,2,0
2822,47,4,2,0,4,1
2823,85,7,3,0,3,2
2824,83,2,3,1,5,0
2825,29,3,1,1,4,1
2826,16,8,2,1,4,2
2827,39,7,2,1,3,1
2828,33,9,3,0,4,2
2829,31,9,1,1,1,0
2830,47,6,2,1,4,0
2831,42,6,2,0,2,2
2832,77,1,2,0,2,1
2833,20,8,2,1,1,1
2834,82,9,1,0,4,1
2835,85,3,2,1,3,1
2836,67,4,2,0,1,0
2837,41,2,2,1,2,1
2838,58,6,3,1,1,2
2839,41,3,2,1,1,1
2840,21,8,2,0,2,0
2841,49,9,2,0,5,2
2842,16,8,2,0,4,2
2843,70,4,3,1,4,2
2844,37,1,2,0,4,1
2845,72,8,2,1,4,2
2846,41,5,2,0,3,2
2847,31,7,3,1,3,2
2848,82,1,3,0,1,1
2849,40,9,2,0,3,2
2850,58,6,2,0,3,1
2851,67,1,2,0,3,2
2852,35,8,1,0,5,0
2853,53,7,2,1,1,2
2854,31,5,2,1,5,1
2855,72,3,2,1,3,0
2856,59,1,3,0,2,0
2857,17,2,3,1,1,2
2858,27,6,3,0,5,2
2859,38,6,3,1,5,1
2860,78,3,3,0,2,0
2861,19,8,2,1,3,2
2862,61,5,2,0,2,1
2863,67,6,2,0,4,2
2864,54,4,2,0,3,0
2865,58,1,2,1,2,2
2866,64,5,3,0,5,0
2867,26,5,2,0,1,2
2868,63,9,3,0,1,0
2869,36,2,2,0,5,2
2870,77,4,3,1,3,0
2871,37,5,3,0,4,0
2872,72,4,2,0,5,1
2873,37,4,3,1,2,0
2874,54,5,3,0,1,2
2875,70,6,3,1,5,1
2876,36,9,2,0,1,1
2877,55,7,2,0,4,1
2878,39,6,3,1,3,0
2879,73,4,2,0,3,2
2880,55,8,2,0,4,0
2881,75,6,3,0,3,0
2882,59,3,3,1,4,0
2883,31,7,1,0,3,0
2884,37,7,1,1,4,2
2885,26,9,3,1,1,2
2886,26,3,3,0,2,1
2887,73,1,2,1,1,1
2888,37,3,2,1,1,0
2889,71,6,2,0,4,0
2890,79,7,1,0,2,1
2891,49,2,2,0,2,1
2892,24,6,3,0,5,1
2893,78,9,3,0,2,1
2894,49,8,3,1,4,0
2895,57,7,3,0,4,2
2896,48,2,2,1,5,2
2897,43,4,2,0,2,2
2898,16,2,1,0,4,1
2899,84,4,2,1,2,1
2900,31,3,2,0,5,2
2901,53,7,2,0,1,0
2902,21,7,2,1,3,2
2903,41,7,3,1,2,2
2904,73,4,2,1,2,0
2905,44,1,2,1,5,0
2906,29,1,2,0,1,1
2907,42,9,2,1,4,1
2908,18,5,2,0,2,0
2909,40,1,3,0,4,2
2910,55,4,2,0,4,1
2911,25,7,2,1,5,1
2912,62,2,3,0,3,0
2913,69,8,3,0,5,1
2914,74,3,3,0,4,0
2915,19,7,3,0,4,1
2916,23,2,2,1,3,0
2917,67,9,3,0,1,0
2918,26,8,3,1,1,1
2919,41,5,3,0,3,1
2920,22,6,2,0,3,1
2921,81,5,3,0,4,2
2922,65,5,2,0,5,1
2923,67,3,2,0,1,2
2924,79,6,3,0,3,2
2925,68,6,2,1,5,2
2926,66,4,1,0,5,2
2927,19,9,3,1,1,1
2928,20,2,2,1,3,2
2929,58,5,1,1,3,0
2930,71,5,1,0,4,1
2931,48,5,2,1,3,1
2932,65,1,2,1,4,1
2933,61,7,1,0,3,2
2934,68,9,1,1,4,2
2935,34,4,3,0,2,2
2936,32,7,3,1,3,0
2937,61,4,3,0,1,2
2938,47,2,2,0,2,1
2939,57,5,2,1,1,2
2940,62,2,2,0,3,1
2941,52,3,1,0,3,2
2942,17,6,2,0,5,2
2943,83,2,2,1,2,2
2944,47,2,2,1,5,0
2945,23,7,3,1,2,2
2946,16,5,2,1,2,1
2947,75,5,2,0,3,0
2948,73,8,2,0,2,0
2949,66,2,2,1,5,1
2950,23,9,3,0,1,2
2951,84,3,2,1,4,0
2952,42,8,2,0,2,0
2953,19,6,2,1,1,2
2954,75,8,1,1,5,0
2955,63,8,2,0,1,1
2956,60,7,3,1,5,1
2957,63,8,2,1,2,2
2958,53,6,3,0,3,1
2959,42,5,3,1,1,0
2960,37,8,3,0,4,0
2961,60,5,2,1,3,2
2962,47,8,3,1,2,2
2963,32,4,3,1,1,1
2964,51,4,1,0,5,2
2965,78,8,2,0,3,2
2966,56,4,3,1,5,2
2967,16,5,2,0,3,1
2968,74,9,3,1,1,0
2969,85,7,2,0,2,2
2970,77,7,3,0,1,2
2971,48,8,2,1,2,0
2972,15,9,2,1,3,0
2973,72,7,3,0,4,2
2974,81,4,3,1,4,1
2975,68,5,2,1,5,2
2976,65,7,2,1,3,2
2977,21,7,3,1,5,2
2978,84,3,2,0,5,1
2979,23,7,3,1,4,1
2980,25,5,2,1,2,2
2981,71,7,3,1,1,2
2982,80,7,3,1,1,2
2983,40,5,2,0,3,1
2984,20,6,3,0,4,2
2985,45,9,3,1,4,2
2986,19,7,2,0,3,1
2987,71,9,3,0,2,1
2988,40,1,3,1,3,0
2989,59,4,3,1,3,1
2990,15,3,2,0,4,2
2991,18,6,2,1,2,2
2992,58,2,3,1,1,1
2993,71,9,2,1,1,1
2994,80,5,3,1,1,1
2995,51,5,2,1,4,1
2996,18,6,2,0,1,0
2997,67,1,1,1,4,2
2998,48,3,2,1,5,0
2999,45,7,2,1,5,1
3000,79,6,3,1,5,2
3001,21,6,3,0,5,1
3002,82,5,2,0,3,2
3003,19,7,2,1,3,0
3004,82,9,1,0,2,1
3005,82,4,3,0,2,0
3006,52,6,2,0,5,0
3007,60,9,3,0,2,2
3008,80,1,3,0,5,2
3009,63,4,2,1,5,1
3010,47,7,2,0,3,1
3011,50,7,2,1,4,1
3012,26,6,2,0,1,2
3013,80,7,2,1,1,2
3014,51,7,2,1,3,2
3015,85,4,3,0,4,0
3016,15,6,1,1,3,1
3017,17,9,2,1,4,1
3018,75,6,2,0,5,1
3019,64,9,3,0,4,0
3020,45,3,2,1,2,0
3021,35,5,2,1,5,0
3022,62,8,2,1,1,2
3023,74,6,3,0,1,1
3024,19,9,3,1,5,1
3025,61,9,2,0,5,1
3026,72,1,2,1,2,1
3027,25,5,2,1,5,2
3028,59,7,1,0,2,0
3029,23,5,1,1,5,0
3030,59,8,2,1,3,0
3031,49,1,2,1,4,2
3032,25,7,2,0,4,0
3033,24,7,3,0,3,2
3034,53,4,3,0,3,2
3035,31,4,2,0,2,0
3036,46,7,2,1,2,0
3037,44,4,3,0,1,1
3038,27,9,3,1,3,2
3039,81,8,3,0,2,0
3040,67,6,3,1,1,0
3041,75,7,2,1,3,0
3042,22,7,2,1,4,1
3043,75,4,2,1,3,0
3044,16,7,3,0,5,2
3045,46,8,3,0,4,2
3046,27,3,3,1,3,1
3047,78,9,2,0,3,0
3048,23,7,2,0,5,1
3049,65,9,3,1,1,1
3050,74,2,3,1,4,2
3051,33,3,2,0,5,1
3052,57,5,2,1,1,0
3053,61,2,2,1,3,1
3054,16,9,2,1,2,1
3055,70,3,3,1,5,2
3056,64,1,2,1,1,0
3057,54,7,3,1,2,0
3058,55,6,3,1,4,2
3059,79,5,2,0,3,1
3060,70,7,3,1,2,1
3061,30,5,2,1,5,2
3062,30,6,2,0,1,1
3063,36,9,2,0,3,0
3064,19,2,3,1,1,1
3065,17,6,2,1,3,1
3066,42,8,3,0,3,0
3067,72,5,3,1,3,1
3068,79,5,3,0,4,1
3069,44,6,2,1,1,2
3070,32,5,2,1,2,1
3071,80,1,3,0,3,0
3072,49,9,2,0,1,2
3073,69,2,2,0,5,0
3074,60,6,3,1,4,0
3075,63,5,2,0,2,2
3076,78,6,2,0,4,2
3077,19,7,2,1,3,0
3078,32,7,2,1,5,0
3079,78,1,2,0,1,0
3080,24,5,1,0,4,2
3081,30,7,2,0,2,2
3082,25,9,3,0,2,1
3083,24,7,1,1,5,2
3084,61,5,2,0,2,2
3085,53,8,2,0,1,1
3086,20,7,2,0,2,0
3087,46,4,2,0,3,2
3088,73,8,3,1,1,0
3089,24,7,2,1,4,1
3090,30,8,3,0,1,2
3091,81,2,2,1,1,0
3092,19,8,2,0,1,1
3093,55,4,2,0,2,1
3094,32,5,1,1,3,2
3095,60,1,2,1,2,1
3096,22,5,3,0,4,1
3097,72,2,2,1,1,0
3098,54,7,2,1,2,2
3099,50,7,2,1,5,1
3100,34,5,2,1,2,1
3101,81,4,2,0,5,2
3102,24,8,2,1,1,1
3103,50,5,2,0,5,0
3104,83,4,3,0,2,1
3105,54,5,2,1,3,2
3106,36,6,2,0,2,0
3107,48,8,2,1,1,0
3108,24,9,2,1,3,0
3109,21,8,3,1,3,2
3110,49,1,2,0,4,2
3111,77,6,2,1,3,0
3112,63,9,2,1,1,0
3113,69,5,2,1,3,2
3114,49,3,2,1,3,2
3115,73,6,2,1,2,0
3116,61,9,2,0,3,0
3117,75,5,3,1,2,0
3118,81,5,2,0,1,0
3119,37,9,2,1,5,0
3120,83,5,1,1,2,0
3121,79,6,2,1,2,2
3122,83,4,2,1,3,2
3123,52,7,2,1,4,2
3124,66,9,2,1,5,2
3125,47,8,3,1,1,1
3126,36,7,1,0,4,1
3127,52,7,2,1,3,2
3128,28,9,2,1,3,1
3129,60,6,2,0,1,2
3130,61,9,3,1,1,1
3131,24,1,2,1,2,0
3132,64,9,2,1,4,0
3133,61,4,2,1,4,2
3134,73,3,3,1,5,2
3135,74,7,2,0,4,2
3136,24,5,2,0,1,0
3137,30,7,2,0,5,2
3138,35,5,2,1,3,2
3139,21,9,3,0,5,0
3140,58,1,2,0,4,2
3141,75,5,1,0,2,2
3142,52,5,3,0,1,2
3143,15,3,2,0,5,0
3144,15,9,2,0,1,0
3145,32,7,2,1,4,0
3146,22,2,2,1,2,2
3147,69,9,2,1,5,0
3148,79,9,2,0,3,1
3149,67,6,3,0,2,1
3150,28,8,2,1,2,1
3151,55,5,2,0,5,1
3152,54,7,2,1,2,1
3153,51,7,2,1,5,2
3154,70,9,2,1,2,1
3155,77,2,2,0,2,2
3156,53,8,2,0,5,0
3157,55,4,1,0,5,2
3158,65,4,3,0,4,2
3159,57,9,2,1,3,2
3160,71,8,3,0,5,1
3161,30,4,2,0,4,1
3162,32,1,3,0,4,2
3163,18,6,2,1,1,0
3164,57,7,1,1,3,1
3165,58,4,2,1,3,1
3166,54,7,3,1,3,2
3167,28,8,3,1,4,0
3168,35,6,2,1,2,1
3169,72,6,2,0,2,0
3170,61,6,3,1,2,0
3171,28,6,2,1,4,2
3172,45,9,2,1,3,2
3173,62,7,3,0,3,0
3174,54,9,2,0,5,2
3175,64,3,2,0,5,2
3176,78,6,3,1,5,2
3177,61,8,3,0,3,0
3178,71,2,3,1,3,0
3179,37,5,3,1,5,2
3180,18,4,3,0,5,0
3181,56,4,2,0,4,2
3182,24,7,3,1,1,1
3183,35,6,3,0,1,0
3184,83,7,2,0,4,1
3185,39,7,2,0,1,0
3186,42,7,1,0,2,1
3187,84,9,3,1,1,2
3188,55,2,2,1,4,2
3189,77,1,3,0,2,0
3190,68,2,3,1,5,2
3191,27,7,3,1,3,0
3192,46,4,2,1,2,1
3193,44,8,3,1,1,0
3194,36,5,2,0,2,1
3195,48,9,2,1,3,0
3196,29,7,3,1,1,1
3197,52,6,2,0,4,2
3198,65,1,2,0,1,0
3199,60,3,3,1,1,1
3200,68,9,3,1,1,1
3201,24,4,2,1,5,2
3202,45,8,3,0,1,0
3203,46,7,2,0,1,1
3204,67,4,2,0,2,2
3205,59,6,2,0,1,0
3206,22,3,3,1,1,1
3207,29,7,2,0,5,1
3208,59,5,1,0,5,0
3209,81,9,1,1,3,1
3210,53,7,2,0,4,1
3211,28,4,3,1,4,2
3212,36,7,1,1,4,1
3213,18,5,3,0,3,1
3214,54,5,3,1,4,0
3215,50,5,3,1,1,0
3216,29,4,3,1,4,2
3217,46,5,1,0,5,0
3218,19,5,3,0,1,0
3219,62,5,3,1,5,1
3220,75,9,3,0,2,0
3221,68,6,2,0,3,0
3222,61,4,2,0,2,1
3223,73,7,1,0,1,1
3224,27,7,2,1,3,2
3225,16,6,3,0,2,2
3226,53,9,1,0,1,0
3227,51,4,2,1,4,2
3228,30,5,3,0,2,0
3229,69,6,2,1,3,2
3230,80,2,2,1,1,2
3231,26,8,3,0,4,0
3232,67,9,2,0,4,2
3233,26,5,3,0,5,2
3234,77,3,3,1,4,1
3235,50,5,3,1,2,0
3236,81,6,2,1,4,1
3237,80,5,3,0,2,2
3238,57,6,2,1,1,0
3239,19,2,3,1,1,1
3240,74,2,1,1,2,2
3241,33,7,2,1,5,0
3242,44,3,2,0,2,0
3243,59,7,2,1,4,1
3244,67,8,2,1,3,1
3245,72,7,3,1,3,0
3246,21,9,3,0,5,2
3247,63,9,2,1,3,2
3248,85,7,3,0,4,0
3249,33,1,2,1,1,1
3250,73,8,2,1,4,1
3251,71,5,2,0,4,2
3252,42,9,2,0,3,1
3253,20,9,2,0,4,2
3254,30,9,3,0,5,1
3255,65,7,2,1,4,1
3256,81,5,2,1,5,0
3257,63,7,2,1,5,1
3258,67,7,3,0,3,0
3259,58,6,2,0,2,2
3260,17,5,2,1,5,0
3261,45,6,2,0,3,0
3262,15,5,3,0,4,1
3263,20,6,2,1,4,0
3264,43,2,2,0,4,1
3265,40,7,2,0,4,0
3266,60,5,2,0,2,1
3267,75,9,2,0,5,1
3268,31,8,2,1,2,0
3269,55,7,2,1,4,2
3270,23,9,1,0,4,2
3271,53,7,3,0,1,2
3272,19,8,2,0,5,0
3273,50,3,3,0,4,2
3274,65,5,2,0,5,0
3275,67,6,2,1,5,0
3276,69,7,3,0,5,2
3277,24,4,2,0,1,1
3278,77,3,2,0,3,1
3279,22,7,3,1,2,0
3280,22,4,2,1,4,2
3281,61,9,1,1,3,0
3282,73,2,2,1,4,1
3283,30,8,3,0,3,0
3284,58,3,2,1,5,2
3285,20,2,1,0,3,0
3286,56,9,2,0,5,0
3287,77,9,2,0,1,0
3288,28,5,2,0,5,2
3289,80,9,2,0,4,1
3290,65,9,2,0,4,0
3291,64,9,2,1,2,0
3292,57,1,2,1,4,1
3293,53,5,2,0,5,2
3294,63,4,2,0,3,1
3295,22,2,3,0,4,2
3296,39,8,3,0,1,1
3297,70,7,3,0,1,0
3298,69,5,1,0,4,1
3299,53,7,2,1,2,1
3300,39,7,2,0,5,1
3301,35,5,2,0,2,2
3302,83,4,3,1,4,2
3303,63,5,3,0,2,1
3304,35,7,2,1,4,2
3305,45,5,2,0,3,2
3306,34,7,2,1,4,0
3307,72,8,2,1,3,1
3308,63,8,3,1,5,1
3309,38,6,3,0,5,1
3310,41,8,3,0,5,0
3311,60,1,2,1,1,1
3312,34,8,1,0,2,1
3313,64,5,2,1,5,0
3314,59,4,3,1,1,1
3315,70,3,2,1,1,1
3316,40,3,3,0,4,0
3317,47,6,2,0,2,2
3318,79,5,2,0,4,1
3319,68,3,2,0,5,2
3320,76,5,2,0,4,1
3321,44,4,2,1,3,2
3322,54,1,2,0,5,1
3323,39,4,2,1,2,1
3324,78,6,3,0,4,0
3325,72,5,2,0,5,0
3326,21,3,2,1,1,1
3327,27,9,3,0,1,1
3328,62,5,3,0,4,1
3329,21,4,3,0,2,1
3330,39,1,3,0,2,1
3331,72,9,2,0,3,1
3332,18,7,2,1,2,2
3333,70,1,2,0,2,2
3334,41,1,2,1,3,2
3335,37,2,3,1,4,1
3336,76,3,2,0,4,0
3337,20,3,2,1,1,2
3338,54,5,3,0,4,1
3339,44,9,1,1,2,2
3340,76,3,3,1,2,0
3341,30,8,3,0,5,0
3342,65,7,3,1,3,1
3343,83,9,2,0,2,1
3344,24,7,2,1,2,2
3345,41,9,2,1,1,1
3346,17,4,1,1,1,2
3347,52,4,2,0,4,1
3348,25,3,2,1,3,0
3349,43,4,1,1,4,1
3350,78,9,1,0,4,1
3351,69,3,3,0,1,0
3352,45,5,2,1,3,2
3353,71,9,2,0,4,1
3354,81,2,2,1,3,1
3355,60,3,2,0,5,2
3356,63,7,2,0,3,0
3357,73,9,2,1,3,0
3358,53,5,2,0,2,2
3359,83,5,2,1,2,1
3360,40,7,2,1,4,1
3361,79,6,2,0,3,2
3362,32,5,1,1,2,2
3363,78,5,3,0,4,0
3364,66,9,3,0,2,0
3365,46,7,2,1,3,0
3366,18,2,2,1,1,2
3367,64,1,2,0,3,1
3368,29,3,3,1,4,2
3369,18,3,2,0,5,2
3370,42,7,2,1,3,0
3371,56,4,2,1,3,1
3372,55,9,3,0,1,2
3373,57,7,2,0,3,2
3374,32,6,2,1,1,2
3375,29,6,3,0,3,1
3376,22,2,2,1,3,2
3377,18,8,2,0,3,0
3378,41,6,2,0,1,0
3379,70,8,2,1,2,1
3380,23,3,3,1,5,2
3381,37,1,3,0,4,1
3382,63,9,2,1,2,0
3383,43,5,2,1,1,2
3384,63,5,2,0,2,1
3385,62,5,2,0,5,1
3386,52,5,3,1,3,1
3387,32,5,2,1,1,2
3388,34,6,2,1,2,0
3389,78,7,2,1,3,2
3390,24,5,2,0,3,0
3391,40,6,2,1,3,0
3392,37,5,2,1,3,1
3393,22,3,2,1,2,1
3394,38,5,3,0,2,0
3395,75,6,2,0,2,2
3396,57,6,2,0,2,1
3397,63,4,3,0,5,2
3398,34,1,3,0,5,0
3399,47,7,3,0,2,0
3400,29,5,2,1,5,0
3401,38,5,2,1,3,0
3402,85,5,3,0,2,0
3403,20,3,3,1,1,0
3404,30,5,2,1,3,2
3405,36,3,3,1,2,1
3406,40,5,3,1,5,1
3407,72,7,3,0,4,1
3408,74,9,2,1,1,2
3409,18,8,2,1,3,0
3410,57,2,2,1,1,0
3411,65,4,3,1,3,1
3412,70,7,2,1,1,0
3413,72,2,3,1,3,0
3414,33,3,3,1,4,1
3415,78,7,2,0,3,0
3416,85,8,3,1,3,2
3417,45,5,3,1,2,0
3418,69,9,3,1,2,0
3419,53,7,2,1,3,1
3420,53,7,2,0,2,1
3421,42,1,3,0,5,0
3422,55,6,2,1,1,1
3423,26,1,1,0,3,2
3424,62,5,3,0,4,2
3425,45,4,3,1,3,0
3426,76,6,3,0,4,0
3427,57,5,3,1,4,1
3428,35,4,2,1,5,0
3429,72,9,3,1,3,0
3430,80,7,2,0,3,2
3431,19,4,2,0,5,1
3432,38,5,1,1,2,0
3433,15,5,2,1,1,0
3434,73,8,2,1,3,2
3435,15,6,1,1,5,1
3436,34,3,2,1,4,0
3437,41,3,2,1,2,1
3438,50,4,2,1,4,2
3439,51,9,3,1,1,0
3440,80,9,3,0,5,0
3441,68,6,3,1,3,1
3442,22,9,3,1,2,2
3443,74,5,3,0,3,2
3444,58,2,2,1,3,1
3445,67,7,2,0,4,1
3446,59,5,2,1,3,1
3447,60,8,1,1,2,1
3448,77,2,3,0,5,2
3449,78,6,1,1,5,2
3450,46,5,3,1,3,1
3451,44,5,2,0,5,0
3452,16,5,3,1,4,1
3453,23,5,2,1,2,0
3454,17,6,2,0,3,0
3455,66,8,2,0,3,2
3456,39,8,2,0,4,1
3457,69,7,2,1,1,1
3458,72,9,2,0,2,0
3459,23,6,3,1,1,2
3460,73,4,2,0,3,2
3461,27,8,2,0,2,1
3462,48,5,3,1,3,1
3463,15,7,2,1,3,2
3464,59,5,2,0,1,2
3465,54,5,2,1,3,0
3466,38,9,3,1,5,2
3467,34,6,2,0,3,1
3468,77,5,1,1,5,0
3469,63,6,3,0,2,2
3470,77,2,3,0,5,1
3471,43,8,2,0,5,2
3472,19,4,3,0,3,2
3473,79,8,3,1,3,2
3474,37,2,2,0,3,2
3475,72,7,3,0,5,0
3476,21,7,3,0,2,0
3477,46,7,3,0,1,0
3478,55,2,1,0,3,2
3479,15,8,2,1,2,0
3480,80,1,2,1,5,2
3481,81,9,3,1,3,0
3482,18,6,3,0,5,0
3483,38,2,2,1,4,0
3484,78,8,3,1,5,1
3485,61,6,3,0,1,0
3486,24,5,2,1,3,2
3487,16,5,2,1,3,2
3488,78,5,2,0,3,1
3489,43,5,2,1,1,0
3490,77,2,2,0,5,1
3491,16,2,2,1,2,1
3492,80,5,2,1,5,1
3493,45,9,2,1,5,1
3494,38,3,2,0,4,0
3495,73,6,2,1,2,1
3496,43,8,2,1,1,2
3497,58,4,2,1,1,0
3498,72,5,2,1,1,2
3499,56,7,3,1,1,0
3500,75,5,2,1,3,2
3501,43,4,3,1,1,1
3502,63,9,2,1,3,1
3503,48,1,3,0,4,2
3504,49,3,2,0,5,1
3505,81,3,2,1,3,2
3506,53,8,2,1,1,1
3507,55,3,1,0,3,2
3508,39,2,2,1,5,2
3509,81,7,3,1,1,2
3510,41,9,3,1,4,2
3511,37,5,2,1,2,1
3512,77,6,3,1,3,0
3513,69,5,1,0,5,0
3514,17,7,3,0,1,2
3515,15,1,3,1,5,1
3516,69,9,3,0,2,2
3517,55,3,2,0,4,2
3518,85,6,2,1,2,1
3519,68,9,1,0,2,1
3520,19,5,2,0,4,0
3521,61,4,2,0,3,2
3522,31,1,2,1,2,1
3523,38,5,2,1,5,1
3524,44,5,2,1,5,2
3525,62,8,3,0,3,2
3526,80,5,2,0,4,0
3527,40,7,2,0,5,0
3528,32,7,3,1,2,0
3529,36,9,2,1,3,2
3530,64,7,3,1,3,2
3531,15,7,2,1,5,1
3532,73,3,2,0,5,1
3533,50,3,1,0,3,0
3534,69,6,2,0,3,0
3535,16,5,3,1,1,2
3536,22,8,2,0,2,2
3537,48,6,2,1,4,1
3538,68,6,3,1,1,0
3539,45,9,1,0,3,1
3540,61,5,3,1,2,1
3541,61,8,3,1,3,1
3542,23,8,2,0,4,1
3543,26,1,1,1,4,2
3544,46,7,2,0,1,1
3545,32,7,2,0,2,1
3546,76,5,1,1,2,1
3547,17,7,2,0,4,2
3548,79,9,2,1,1,2
3549,66,6,2,0,1,0
3550,19,5,2,0,4,0
3551,19,5,1,1,4,2
3552,43,5,2,1,2,2
3553,24,7,3,1,1,0
3554,36,7,2,0,4,1
3555,29,4,3,0,4,2
3556,46,5,3,0,4,0
3557,36,9,2,0,5,1
3558,85,3,2,0,4,1
3559,32,9,2,1,4,0
3560,29,7,2,0,2,1
3561,51,7,2,0,3,0
3562,45,3,2,0,5,0
3563,21,9,2,1,2,0
3564,80,6,2,0,4,2
3565,54,6,1,0,5,1
3566,82,1,3,0,5,0
3567,31,5,2,1,1,0
3568,22,5,3,0,2,1
3569,32,5,2,1,5,1
3570,61,8,3,1,3,1
3571,85,5,2,1,1,1
3572,51,1,2,1,5,0
3573,84,4,2,0,4,0
3574,46,2,3,0,3,2
3575,47,6,2,0,5,2
3576,22,1,2,1,4,0
3577,35,4,3,1,2,0
3578,47,6,3,0,2,0
3579,54,4,2,1,1,1
3580,24,5,2,0,5,1
3581,74,5,2,1,3,2
3582,28,2,3,1,2,2
3583,85,6,2,0,1,0
3584,74,4,3,0,5,2
3585,25,5,3,1,3,1
3586,27,7,2,1,1,2
3587,23,6,3,0,5,0
3588,84,4,2,1,3,0
3589,42,2,3,1,4,1
3590,61,8,2,0,3,2
3591,57,7,1,1,5,1
3592,32,7,2,0,5,2
3593,79,7,3,1,2,1
3594,16,2,2,1,4,1
3595,33,8,2,1,2,0
3596,69,6,2,1,4,2
3597,83,7,2,1,3,0
3598,37,5,1,1,3,1
3599,73,8,2,0,3,0
3600,15,7,2,1,3,0
3601,57,9,3,0,1,0
3602,82,5,2,0,1,1
3603,61,6,3,0,4,2
3604,60,4,1,0,4,2
3605,15,6,2,0,2,0
3606,79,5,3,1,5,0
3607,18,4,2,0,1,1
3608,75,6,1,0,5,2
3609,26,9,3,0,4,1
3610,65,1,2,1,2,0
3611,55,8,1,0,5,2
3612,34,1,3,0,4,2
3613,30,7,2,0,2,2
3614,25,9,3,0,2,0
3615,32,5,3,0,5,1
3616,82,6,2,1,2,2
3617,21,7,3,0,3,0
3618,72,2,2,0,2,1
3619,67,9,3,0,5,0
3620,61,2,2,1,1,0
3621,20,9,2,0,5,2
3622,45,5,2,1,5,0
3623,65,8,2,1,1,0
3624,52,6,3,1,1,1
3625,72,2,2,0,1,0
3626,40,7,2,0,2,2
3627,60,5,2,0,3,1
3628,70,9,2,1,4,2
3629,75,9,2,1,4,1
3630,78,3,2,0,2,1
3631,23,5,3,1,2,0
3632,19,2,3,0,1,0
3633,30,6,2,0,1,1
3634,64,4,3,0,1,1
3635,76,2,2,0,1,0
3636,53,7,3,0,1,2
3637,66,5,2,0,2,1
3638,85,8,3,1,5,2
3639,22,4,2,1,3,2
3640,33,5,2,1,4,2
3641,26,9,2,0,4,1
3642,48,1,2,0,4,2
3643,55,7,3,1,1,2
3644,34,8,3,1,2,0
3645,69,4,2,0,1,2
3646,43,5,2,0,4,2
3647,30,5,2,0,5,2
3648,22,2,2,0,1,0
3649,26,8,2,0,2,0
3650,37,3,3,0,5,0
3651,23,1,3,1,3,2
3652,65,8,2,1,5,0
3653,74,5,2,0,5,0
3654,30,2,3,0,5,2
3655,49,6,2,1,5,1
3656,63,7,3,0,1,0
3657,62,7,3,0,3,0
3658,79,5,2,0,5,2
3659,37,1,2,0,1,1
3660,36,7,2,0,4,0
3661,21,3,2,0,3,1
3662,24,4,2,0,4,1
3663,15,8,3,0,1,2
3664,27,5,3,0,5,2
3665,46,5,2,0,5,2
3666,46,4,2,0,5,0
3667,66,8,2,1,1,2
3668,32,1,2,0,4,2
3669,22,3,2,0,5,0
3670,57,7,1,0,1,0
3671,49,1,2,1,5,2
3672,75,7,2,1,4,2
3673,65,3,3,0,4,2
3674,18,6,3,0,3,1
3675,25,8,3,0,5,2
3676,81,2,2,0,3,0
3677,40,9,3,0,1,2
3678,58,9,3,0,3,1
3679,25,4,3,1,3,0
3680,77,7,2,0,4,0
3681,39,7,3,0,3,1
3682,34,7,3,0,2,2
3683,52,7,1,1,4,0
3684,61,4,3,1,2,0
3685,59,7,3,1,4,0
3686,36,3,3,0,1,1
3687,48,7,3,1,4,1
3688,61,7,2,1,1,1
3689,35,3,2,0,2,1
3690,24,1,2,0,1,1
3691,77,9,1,1,1,1
3692,67,1,2,0,3,2
3693,78,8,2,1,4,2
3694,20,9,3,1,2,2
3695,44,5,1,0,2,1
3696,21,6,3,1,1,0
3697,26,1,2,0,5,1
3698,49,1,3,1,2,0
3699,29,9,3,1,2,1
3700,19,4,1,0,4,1
3701,35,1,2,1,2,2
3702,54,9,2,1,5,1
3703,46,5,2,1,1,2
3704,84,6,1,1,3,0
3705,50,5,2,1,2,2
3706,23,1,2,1,4,0
3707,58,9,2,1,3,0
3708,79,9,2,1,3,2
3709,56,2,1,0,1,0
3710,69,8,2,1,1,0
3711,78,6,3,1,5,1
3712,47,6,3,0,2,0
3713,74,4,2,0,2,0
3714,67,7,2,0,4,0
3715,24,5,2,0,5,0
3716,44,9,2,0,5,2
3717,70,4,3,0,5,1
3718,22,6,2,0,3,1
3719,50,4,2,1,3,0
3720,60,6,2,1,2,0
3721,64,7,3,1,1,1
3722,64,8,3,0,3,0
3723,33,9,1,1,1,0
3724,70,7,2,1,1,2
3725,25,5,2,1,5,2
3726,82,9,2,1,2,2
3727,20,9,1,0,2,1
3728,22,7,2,1,2,0
3729,40,5,2,0,2,2
3730,69,7,1,1,1,2
3731,18,6,3,0,1,1
3732,74,4,2,1,5,2
3733,24,8,3,1,3,0
3734,39,5,3,0,2,1
3735,48,1,3,0,2,2
3736,65,5,2,1,2,1
3737,73,3,2,0,2,0
3738,20,5,3,0,4,1
3739,74,3,2,0,4,1
3740,77,6,3,1,2,2
3741,43,2,2,1,3,1
3742,56,3,2,1,3,2
3743,59,6,2,0,5,1
3744,36,2,1,0,4,2
3745,51,6,2,1,2,2
3746,43,6,2,1,4,0
3747,57,7,3,0,4,0
3748,78,8,2,0,2,1
3749,77,7,2,1,3,1
3750,43,7,2,1,4,2
3751,82,8,2,1,2,0
3752,46,5,2,1,5,1
3753,58,7,3,1,4,2
3754,74,6,3,1,1,1
3755,15,8,2,1,5,0
3756,31,9,3,1,5,1
3757,60,4,2,0,2,1
3758,67,9,3,0,4,0
3759,46,5,3,0,5,1
3760,62,4,3,0,5,2
3761,58,7,2,1,5,0
3762,15,6,2,0,5,2
3763,40,4,3,0,5,0
3764,23,9,3,0,3,1
3765,30,6,2,1,4,1
3766,65,8,2,0,4,0
3767,56,4,3,0,3,0
3768,28,4,2,0,1,0
3769,61,5,2,0,5,2
3770,74,6,1,0,5,1
3771,60,7,3,1,5,2
3772,23,6,2,1,1,0
3773,21,9,3,1,4,1
3774,55,1,2,0,2,0
3775,32,7,3,1,3,2
3776,49,7,2,1,5,0
3777,41,4,2,1,3,0
3778,15,1,2,0,1,0
3779,67,4,2,0,5,1
3780,75,5,3,1,5,2
3781,83,3,2,1,3,1
3782,30,6,2,0,4,0
3783,62,4,2,0,4,0
3784,51,5,2,0,2,1
3785,20,8,2,0,3,1
3786,37,8,3,1,2,1
3787,45,3,2,1,2,0
3788,32,2,3,0,5,0
3789,35,6,3,0,2,1
3790,28,2,2,0,1,2
3791,67,2,3,1,1,0
3792,74,3,2,1,2,1
3793,65,6,2,1,5,0
3794,46,3,2,1,2,0
3795,29,4,3,1,3,2
3796,84,4,2,1,5,2
3797,58,8,2,1,4,1
3798,26,2,3,0,4,2
3799,61,1,3,0,4,1
3800,66,2,3,1,1,2
3801,60,1,3,0,3,2
3802,42,5,2,1,4,2
3803,85,5,2,1,4,1
3804,61,1,2,1,5,1
3805,77,3,3,0,1,1
3806,27,5,3,1,1,0
3807,79,7,2,1,1,1
3808,26,6,3,1,2,1
3809,15,4,2,0,5,2
3810,71,7,2,1,5,0
3811,28,1,2,1,3,2
3812,78,5,3,1,4,0
3813,51,5,2,0,4,0
3814,38,2,2,1,4,0
3815,44,1,3,1,4,2
3816,28,4,2,0,2,0
3817,60,3,1,1,5,1
3818,57,3,2,0,2,0
3819,24,4,3,0,5,0
3820,31,8,1,1,3,1
3821,19,6,1,1,2,2
3822,84,5,1,1,5,1
3823,19,7,2,1,2,2
3824,84,6,2,1,2,0
3825,57,4,2,0,4,1
3826,33,4,2,0,4,2
3827,30,8,2,0,2,0
3828,84,7,1,1,5,0
3829,45,4,2,0,5,1
3830,16,3,2,1,2,0
3831,50,1,3,1,3,0
3832,59,1,1,0,2,2
3833,71,6,2,1,4,1
3834,17,1,3,0,2,0
3835,78,9,3,1,2,0
3836,59,5,2,1,3,2
3837,85,6,2,1,2,0
3838,67,1,2,1,4,2
3839,81,7,2,1,5,2
3840,61,5,3,1,2,0
3841,77,9,2,0,2,0
3842,38,4,2,0,3,2
3843,40,5,3,1,2,1
3844,47,5,2,1,3,0
3845,75,6,2,0,1,2
3846,17,9,2,1,1,2
3847,53,3,2,0,1,1
3848,84,6,2,0,1,2
3849,61,7,3,1,3,1
3850,37,4,1,0,4,2
3851,61,8,2,0,1,1
3852,55,1,2,1,1,0
3853,80,5,2,1,3,1
3854,65,5,1,0,5,0
3855,63,7,2,0,2,1
3856,69,7,2,0,2,2
3857,20,1,3,1,4,1
3858,42,3,2,1,1,0
3859,20,9,1,1,3,2
3860,77,8,2,1,5,1
3861,78,4,2,1,3,0
3862,74,9,3,1,4,2
3863,48,9,2,1,1,1
3864,49,5,2,1,3,2
3865,46,7,1,0,5,2
3866,75,7,1,0,5,2
3867,39,1,2,0,1,2
3868,46,7,2,0,2,1
3869,83,8,3,0,5,1
3870,69,5,3,1,3,1
3871,26,2,2,1,4,0
3872,64,8,3,1,5,2
3873,71,9,3,0,5,1
3874,68,6,2,1,2,1
3875,80,4,2,0,5,2
3876,28,4,2,0,3,1
3877,52,3,3,0,3,0
3878,63,2,2,0,3,1
3879,63,7,2,0,4,0
3880,73,9,3,1,4,0
3881,15,7,2,1,3,1
3882,33,5,3,1,4,2
3883,81,4,2,0,3,2
3884,70,7,2,0,5,1
3885,58,3,2,1,2,2
3886,72,4,2,1,2,2
3887,15,3,2,0,5,1
3888,64,5,2,1,5,0
3889,82,6,2,1,4,2
3890,56,6,3,0,3,1
3891,44,8,3,1,2,1
3892,23,8,3,0,5,0
3893,59,5,3,1,1,2
3894,40,9,1,0,1,1
3895,52,4,1,1,1,1
3896,84,9,2,0,2,1
3897,59,5,2,1,3,2
3898,83,7,3,0,1,2
3899,55,5,3,0,3,2
3900,40,9,2,0,1,0
3901,22,6,3,1,4,2
3902,17,5,3,1,5,0
3903,75,6,2,1,4,1
3904,36,5,3,1,4,2
3905,54,1,2,1,2,1
3906,27,4,3,1,5,2
3907,37,7,2,0,4,2
3908,53,5,3,0,3,0
3909,57,8,3,1,2,0
3910,64,1,3,0,2,2
3911,53,5,3,1,2,1
3912,79,7,3,0,5,0
3913,58,5,2,1,5,0
3914,57,1,3,1,2,1
3915,16,6,3,0,5,0
3916,41,8,3,0,5,1
3917,32,4,3,1,3,1
3918,62,3,2,0,1,2
3919,50,5,3,0,2,2
3920,82,1,2,1,5,0
3921,36,5,3,0,2,2
3922,72,7,2,0,3,0
3923,35,7,2,0,3,1
3924,80,5,2,1,3,1
3925,55,7,1,0,3,1
3926,67,5,3,0,1,2
3927,46,9,2,0,1,0
3928,21,7,2,1,4,2
3929,84,2,2,1,3,1
3930,44,6,1,0,4,1
3931,20,9,2,0,1,0
3932,54,6,3,0,5,0
3933,26,6,3,0,5,0
3934,66,5,2,0,2,0
3935,46,6,3,1,3,0
3936,73,9,1,1,1,2
3937,57,6,3,1,3,2
3938,37,6,1,1,3,1
3939,39,4,3,0,1,0
3940,27,2,2,1,5,1
3941,39,7,2,1,2,1
3942,64,4,2,0,1,2
3943,82,3,2,0,3,2
3944,25,8,3,1,1,1
3945,45,6,3,0,5,0
3946,47,9,3,1,2,1
3947,74,9,3,1,3,0
3948,50,3,2,1,2,1
3949,19,9,1,1,3,1
3950,19,6,3,0,5,1
3951,84,9,2,0,5,1
3952,82,7,2,0,5,2
3953,19,4,3,1,3,0
3954,30,5,2,0,2,1
3955,62,7,3,0,2,1
3956,59,3,2,0,3,2
3957,74,1,2,1,1,1
3958,35,1,3,0,4,0
3959,26,1,2,0,5,1
3960,46,3,2,1,2,0
3961,32,9,3,0,3,2
3962,46,5,3,0,2,2
3963,67,9,1,1,1,0
3964,39,5,3,0,2,0
3965,67,9,2,1,3,2
3966,20,7,3,0,3,0
3967,81,5,3,1,2,2
3968,59,2,2,1,3,0
3969,80,6,1,1,4,2
3970,69,3,2,0,1,0
3971,31,2,3,1,3,2
3972,19,6,2,1,2,0
3973,53,3,3,0,5,2
3974,48,7,2,1,3,0
3975,45,7,3,1,5,2
3976,76,5,2,1,4,1
3977,23,5,3,1,4,1
3978,66,7,2,1,3,2
3979,41,3,2,0,3,2
3980,55,6,3,1,2,0
3981,28,3,2,1,4,2
3982,28,5,2,0,3,0
3983,79,3,3,1,3,1
3984,31,1,2,0,1,0
3985,15,4,2,0,5,2
3986,55,1,3,0,2,2
3987,30,7,3,0,2,0
3988,72,5,3,1,5,1
3989,25,5,3,1,4,1
3990,20,2,2,1,1,2
3991,44,9,3,0,5,0
3992,73,6,3,0,3,0
3993,25,7,2,1,3,2
3994,55,5,2,1,5,2
3995,36,3,1,0,2,1
3996,63,8,2,0,1,1
3997,65,4,2,0,2,0
3998,73,5,2,0,2,1
3999,85,7,3,0,3,1
4000,83,4,3,0,4,1
4001,79,1,2,1,5,2
4002,55,2,2,1,5,0
4003,56,9,2,1,4,2
4004,72,7,1,1,3,2
4005,18,4,2,0,1,2
4006,63,9,2,0,4,2
4007,55,1,2,0,3,1
4008,20,5,2,0,4,2
4009,31,4,3,0,2,0
4010,39,4,3,0,4,0
4011,76,3,3,0,2,0
4012,72,5,3,1,2,0
4013,33,6,2,0,1,0
4014,47,7,3,1,1,2
4015,60,5,2,0,3,0
4016,20,1,2,1,3,1
4017,66,5,3,0,5,0
4018,51,3,3,1,1,1
4019,29,5,2,0,3,1
4020,61,7,2,0,2,0
4021,73,3,3,0,5,1
4022,37,7,2,1,5,1
4023,41,7,3,1,2,0
4024,55,2,3,1,5,2
4025,74,4,3,0,5,1
4026,51,5,2,0,1,1
4027,70,5,2,1,4,2
4028,24,7,3,0,1,1
4029,55,1,2,0,4,2
4030,71,7,3,1,1,1
4031,67,6,2,1,1,0
4032,21,7,3,1,2,0
4033,34,3,1,0,1,1
4034,64,9,3,1,2,0
4035,71,4,2,0,1,0
4036,18,7,2,1,2,1
4037,55,7,3,0,1,0
4038,66,5,2,1,5,0
4039,19,3,2,1,2,2
4040,37,5,2,0,3,1
4041,42,7,3,0,4,2
4042,18,5,3,0,4,1
4043,27,2,3,0,5,2
4044,34,4,2,1,1,2
4045,85,9,3,0,2,2
4046,18,1,2,0,3,0
4047,34,5,2,1,4,0
4048,85,7,1,1,1,1
4049,28,1,3,1,2,1
4050,47,9,3,1,4,0
4051,28,8,3,0,2,1
4052,41,4,2,0,3,0
4053,82,2,2,1,2,1
4054,18,3,2,0,3,0
4055,30,6,3,1,1,0
4056,81,2,3,0,4,0
4057,84,3,2,1,2,0
4058,48,8,2,1,4,2
4059,45,4,2,0,1,0
4060,16,5,2,0,5,1
4061,23,8,2,0,2,0
4062,68,6,2,1,1,0
4063,47,9,3,0,2,0
4064,78,3,2,0,3,1
4065,79,3,2,1,3,2
4066,27,8,3,1,3,0
4067,34,6,2,0,1,1
4068,52,8,2,1,4,1
4069,75,5,2,0,4,2
4070,50,8,2,0,3,2
4071,58,7,2,0,4,0
4072,77,5,2,1,5,0
4073,58,6,3,0,1,2
4074,62,8,3,1,4,0
4075,49,3,2,1,3,1
4076,44,8,3,0,4,0
4077,63,6,2,1,5,0
4078,18,6,3,0,5,2
4079,28,5,2,0,2,2
4080,55,6,2,1,3,2
4081,48,5,3,0,2,1
4082,18,4,2,0,4,0
4083,74,5,3,1,5,2
4084,42,2,3,0,2,1
4085,85,7,2,0,1,1
4086,33,3,3,0,1,0
4087,16,1,2,0,4,0
4088,44,7,2,1,4,2
4089,39,5,3,0,5,0
4090,72,8,3,1,5,2
4091,72,5,3,1,2,2
4092,81,7,2,0,4,2
4093,34,2,2,0,1,0
4094,40,8,2,0,4,2
4095,83,2,2,0,2,0
4096,81,5,2,1,3,2
4097,63,3,2,1,3,0
4098,52,4,2,0,2,1
4099,42,6,3,1,4,2
4100,42,1,2,1,2,2
4101,67,6,3,0,2,1
4102,61,5,3,0,3,0
4103,66,6,2,0,1,2
4104,43,7,1,1,2,2
4105,18,7,2,1,4,2
4106,54,1,2,1,2,1
4107,77,5,2,1,1,0
4108,75,5,2,0,5,2
4109,38,6,2,0,1,1
4110,75,5,2,1,4,1
4111,66,5,2,1,4,2
4112,37,5,1,1,1,1
4113,20,1,3,0,4,0
4114,31,6,2,0,1,0
4115,60,3,3,1,5,1
4116,59,1,2,1,5,0
4117,42,7,2,0,5,1
4118,55,2,2,0,3,0
4119,65,7,3,0,4,2
4120,15,5,1,0,1,1
4121,30,1,1,0,5,1
4122,82,7,2,0,5,2
4123,31,6,2,1,3,2
4124,16,2,2,1,3,1
4125,72,5,2,1,3,2
4126,56,7,2,1,3,1
4127,21,6,2,0,1,1
4128,19,8,3,1,3,1
4129,66,7,2,0,1,1
4130,80,4,3,0,4,2
4131,41,3,2,1,2,2
4132,77,6,2,0,3,1
4133,52,6,3,1,4,1
4134,57,1,3,1,4,2
4135,73,6,2,0,5,1
4136,73,7,3,0,5,0
4137,35,4,1,0,2,0
4138,62,7,2,0,4,1
4139,36,5,2,1,5,1
4140,52,4,3,0,4,1
4141,41,8,3,1,4,1
4142,28,5,1,1,1,0
4143,34,6,2,0,3,0
4144,32,8,1,1,1,0
4145,67,5,2,0,3,0
4146,71,7,2,0,5,1
4147,83,9,2,1,1,1
4148,24,6,3,0,1,0
4149,61,4,2,1,5,1
4150,66,4,3,0,2,2
4151,18,7,2,1,3,1
4152,74,5,2,0,4,2
4153,59,4,2,0,1,1
4154,45,6,2,1,4,0
4155,80,5,3,0,2,0
4156,57,7,3,0,5,1
4157,16,2,2,1,2,2
4158,84,7,2,0,3,0
4159,37,7,1,1,3,1
4160,71,7,1,0,1,0
4161,36,7,2,0,3,2
4162,23,5,2,0,2,0
4163,59,6,3,0,3,1
4164,60,5,2,0,2,0
4165,34,4,2,0,5,2
4166,43,3,3,0,2,0
4167,24,7,2,0,2,2
4168,46,6,3,0,3,2
4169,70,6,2,0,5,0
4170,30,5,2,0,3,2
4171,44,6,2,0,5,2
4172,62,1,3,0,4,0
4173,36,6,2,1,3,2
4174,31,7,3,0,2,0
4175,46,5,3,0,4,0
4176,16,2,2,1,3,0
4177,58,7,2,0,4,1
4178,29,9,2,1,5,2
4179,70,6,2,1,3,0
4180,82,5,2,0,2,0
4181,30,5,2,1,3,0
4182,32,5,1,0,2,0
4183,20,3,2,1,2,1
4184,77,4,3,1,4,1
4185,26,8,2,1,1,0
4186,36,9,3,0,5,0
4187,59,9,1,1,5,0
4188,68,7,3,1,5,1
4189,25,6,3,1,1,0
4190,65,8,1,0,3,0
4191,54,5,2,1,5,0
4192,64,9,3,0,2,1
4193,27,7,3,1,2,1
4194,50,8,3,0,2,1
4195,41,9,2,0,2,0
4196,19,5,2,1,3,0
4197,47,8,3,0,2,1
4198,23,4,3,1,1,2
4199,49,5,2,1,1,1
4200,28,7,1,0,5,2
4201,15,1,2,1,4,2
4202,55,9,2,0,2,0
4203,16,8,3,1,5,1
4204,58,5,3,0,3,1
4205,58,6,2,1,3,0
4206,73,8,3,1,3,0
4207,22,6,3,1,1,1
4208,39,4,2,1,5,2
4209,30,8,3,0,1,2
4210,15,9,3,1,1,2
4211,19,2,3,0,2,0
4212,22,7,2,1,5,0
4213,40,4,3,0,5,0
4214,38,4,2,0,5,1
4215,16,6,3,1,2,2
4216,49,2,2,0,5,0
4217,39,4,2,0,3,1
4218,67,7,1,0,4,2
4219,44,6,2,1,5,2
4220,73,4,3,1,3,1
4221,51,2,3,1,1,2
4222,78,5,2,0,2,0
4223,48,5,1,0,5,2
4224,21,5,2,0,2,2
4225,27,4,2,0,5,0
4226,55,9,3,1,3,1
4227,34,5,2,1,3,1
4228,22,1,2,0,4,1
4229,85,2,3,1,4,0
4230,24,6,3,1,4,1
4231,40,4,3,0,4,1
4232,28,5,3,1,5,2
4233,38,5,3,1,3,2
4234,75,3,3,0,5,1
4235,66,7,2,0,1,1
4236,73,8,2,0,4,2
4237,26,6,3,0,3,0
4238,60,6,2,1,5,1
4239,40,5,2,1,5,1
4240,73,3,2,1,1,1
4241,49,6,2,1,1,2
4242,58,7,2,0,1,0
4243,21,7,2,0,2,1
4244,38,2,2,0,4,0
4245,67,5,2,0,1,1
4246,55,1,2,0,3,1
4247,17,5,1,1,4,2
4248,33,7,3,0,1,1
4249,25,9,2,1,1,0
4250,72,8,2,1,4,2
4251,37,8,3,1,2,2
4252,72,6,3,1,1,2
4253,30,7,3,1,1,2
4254,27,1,3,1,3,0
4255,30,6,2,1,5,2
4256,39,6,3,0,5,2
4257,32,9,3,0,4,2
4258,72,7,1,1,5,0
4259,72,6,3,0,5,1
4260,29,7,2,0,4,0
4261,52,6,2,1,3,0
4262,80,7,2,1,3,2
4263,15,5,1,0,3,1
4264,33,7,2,0,1,2
4265,66,5,2,0,5,1
4266,85,7,2,1,2,0
4267,78,9,2,1,5,2
4268,49,4,2,0,2,0
4269,81,7,2,1,2,0
4270,80,9,3,1,4,2
4271,83,6,2,0,3,1
4272,30,7,2,0,1,0
4273,79,7,2,1,3,2
4274,43,7,1,0,1,0
4275,15,6,3,0,2,0
4276,49,5,2,1,5,1
4277,18,7,2,1,1,1
4278,55,5,2,0,2,1
4279,63,5,3,1,2,2
4280,59,6,3,0,2,2
4281,44,1,3,0,3,1
4282,55,5,2,1,5,2
4283,26,5,2,0,1,2
4284,60,5,1,1,1,2
4285,53,1,1,0,2,1
4286,21,5,2,0,1,1
4287,53,9,2,0,5,1
4288,44,7,2,1,2,1
4289,34,7,3,0,5,1
4290,27,9,2,0,4,0
4291,43,7,2,0,3,0
4292,47,6,3,0,2,2
4293,59,9,3,1,3,2
4294,77,8,3,0,5,2
4295,42,7,2,1,5,2
4296,27,6,2,1,5,1
4297,47,9,2,1,5,1
4298,66,8,2,1,4,1
4299,38,4,2,0,4,0
4300,15,9,3,1,2,1
4301,59,6,1,1,3,1
4302,83,7,3,1,2,2
4303,83,4,3,0,5,0
4304,84,3,2,1,5,0
4305,50,3,2,0,4,2
4306,53,4,2,1,5,0
4307,29,9,2,0,1,1
4308,65,9,1,1,1,2
4309,85,4,2,0,3,2
4310,44,9,3,0,1,1
4311,82,8,3,0,2,2
4312,32,6,3,1,3,0
4313,43,6,3,0,1,2
4314,74,5,2,0,4,1
4315,22,9,2,1,4,0
4316,34,6,2,1,2,2
4317,76,4,2,1,3,0
4318,48,4,2,0,4,0
4319,39,6,2,1,2,1
4320,36,4,2,0,3,0
4321,47,8,3,1,3,1
4322,44,5,3,0,5,0
4323,16,4,3,0,2,2
4324,16,3,2,0,5,0
4325,69,5,3,0,3,2
4326,74,2,3,1,2,1
4327,81,5,1,0,3,2
4328,65,1,3,0,3,1
4329,27,3,2,0,1,2
4330,63,5,3,0,5,1
4331,39,6,2,1,5,1
4332,51,7,3,1,4,2
4333,41,6,2,1,5,0
4334,70,2,3,0,4,2
4335,52,4,3,0,2,0
4336,72,5,3,0,2,1
4337,30,6,2,1,4,1
4338,79,7,2,1,1,0
4339,55,2,3,1,2,0
4340,24,7,2,0,2,0
4341,17,4,3,0,1,1
4342,70,5,2,0,2,2
4343,51,5,3,1,3,2
4344,20,4,3,1,4,0
4345,37,9,2,0,3,1
4346,78,9,2,0,1,1
4347,59,6,3,1,2,2
4348,65,9,1,1,4,1
4349,33,9,2,0,5,2
4350,29,6,1,1,2,0
4351,54,3,3,0,5,0
4352,64,7,2,0,1,1
4353,24,8,2,1,3,1
4354,77,8,3,1,1,0
4355,16,3,2,0,4,2
4356,67,3,3,1,3,0
4357,76,9,2,0,2,1
4358,76,7,2,0,5,2
4359,52,2,2,0,2,2
4360,27,9,2,1,5,1
4361,76,1,2,1,1,0
4362,41,6,3,1,1,2
4363,54,5,2,0,4,1
4364,17,2,3,1,4,1
4365,57,5,3,0,1,0
4366,40,2,1,0,1,1
4367,20,8,2,0,1,2
4368,15,7,2,1,5,0
4369,43,6,1,1,5,0
4370,70,8,1,0,4,2
4371,84,7,3,1,3,0
4372,62,8,2,0,5,2
4373,23,1,2,0,5,2
4374,32,1,3,1,3,2
4375,79,1,1,0,2,0
4376,83,1,2,0,5,0
4377,65,9,3,1,4,1
4378,55,1,2,0,4,0
4379,76,1,2,0,3,1
4380,24,2,2,1,2,1
4381,39,7,3,0,5,2
4382,66,6,2,0,1,0
4383,55,7,2,1,2,0
4384,19,1,2,0,4,0
4385,26,6,3,0,2,2
4386,76,4,3,1,2,2
4387,27,5,2,0,2,2
4388,85,2,2,0,2,0
4389,40,7,3,0,1,0
4390,65,5,3,1,2,2
4391,44,6,3,1,2,2
4392,69,9,2,1,2,2
4393,36,6,3,1,3,0
4394,35,2,3,0,4,0
4395,46,7,3,0,1,2
4396,50,2,2,1,4,0
4397,85,4,3,0,1,2
4398,19,4,3,0,3,0
4399,34,5,2,1,4,0
4400,84,7,1,0,3,1
4401,47,7,1,1,5,1
4402,50,5,2,1,4,2
4403,62,7,3,1,2,2
4404,36,7,3,0,5,2
4405,82,7,1,1,2,0
4406,77,9,3,0,2,0
4407,55,7,2,1,5,2
4408,23,7,1,0,4,1
4409,67,1,2,0,1,0
4410,49,6,2,0,4,0
4411,66,9,2,0,4,1
4412,53,1,2,0,3,2
4413,68,3,2,0,4,1
4414,36,5,3,0,3,2
4415,75,4,2,1,4,2
4416,82,5,2,0,4,1
4417,30,1,3,0,3,0
4418,39,8,1,1,5,1
4419,45,7,3,1,3,0
4420,47,3,3,0,1,0
4421,53,5,2,1,1,0
4422,44,8,3,0,1,0
4423,36,8,3,1,5,1
4424,53,6,2,0,5,0
4425,30,7,2,1,1,2
4426,44,6,2,0,5,1
4427,32,2,2,1,1,1
4428,65,5,2,1,3,2
4429,54,3,3,0,2,2
4430,15,5,2,0,2,1
4431,78,1,3,1,3,2
4432,28,5,1,1,3,1
4433,18,9,3,1,4,2
4434,17,6,3,1,1,1
4435,28,3,2,0,3,2
4436,43,8,1,1,4,2
4437,68,6,1,0,3,0
4438,81,9,3,1,1,1
4439,21,4,2,1,4,1
4440,52,5,3,1,5,0
4441,31,1,2,1,1,0
4442,68,9,2,1,5,0
4443,15,6,2,1,1,1
4444,37,7,2,0,5,1
4445,21,1,2,0,5,2
4446,29,1,3,1,2,0
4447,60,5,3,1,3,0
4448,30,1,2,0,5,2
4449,76,3,3,0,4,0
4450,77,5,2,1,2,0
4451,75,5,3,1,5,1
4452,60,7,3,1,2,0
4453,27,4,3,0,2,0
4454,25,7,2,0,3,1
4455,58,3,2,0,3,1
4456,67,2,1,1,2,1
4457,47,2,2,1,1,0
4458,63,6,2,0,3,2
4459,68,7,2,0,2,0
4460,43,5,3,1,1,0
4461,71,1,3,1,3,0
4462,73,8,3,0,3,0
4463,17,6,2,1,2,0
4464,41,7,2,0,2,0
4465,31,6,3,0,5,2
4466,57,7,3,0,5,2
4467,41,4,2,1,2,2
4468,55,5,2,0,2,2
4469,42,9,1,1,5,2
4470,34,6,1,0,3,1
4471,24,9,2,1,3,2
4472,61,8,2,0,4,1
4473,58,6,1,0,4,2
4474,30,6,3,0,3,2
4475,69,5,3,0,1,0
4476,70,7,2,1,4,2
4477,19,4,2,0,2,1
4478,54,7,2,1,2,0
4479,60,9,3,1,4,1
4480,77,6,3,1,4,0
4481,72,9,2,1,3,0
4482,34,1,2,1,2,1
4483,33,9,2,1,3,0
4484,65,7,2,1,1,0
4485,39,8,3,1,4,0
4486,66,6,2,1,4,0
4487,45,5,3,0,5,1
4488,40,2,3,0,1,2
4489,50,1,1,1,5,0
4490,74,3,2,0,5,0
4491,22,7,2,0,5,2
4492,72,6,3,0,5,2
4493,34,1,2,1,4,2
4494,61,2,2,0,5,1
4495,37,9,2,0,4,1
4496,68,7,3,1,4,2
4497,73,4,2,1,4,2
4498,50,9,3,0,1,0
4499,34,6,3,0,3,2
4500,58,2,2,0,3,0
4501,67,6,2,1,4,2
4502,81,5,3,1,1,0
4503,73,6,2,1,4,1
4504,60,5,2,1,4,0
4505,81,7,2,0,1,0
4506,51,7,1,0,1,2
4507,54,1,3,0,4,1
4508,41,4,2,1,3,0
4509,47,4,1,0,2,1
4510,76,4,1,0,5,1
4511,63,6,2,0,4,1
4512,48,5,3,1,4,2
4513,44,4,3,1,1,0
4514,45,9,2,1,3,2
4515,21,5,1,0,1,0
4516,56,7,2,1,2,1
4517,30,5,3,0,2,0
4518,25,4,2,1,2,2
4519,41,5,2,1,3,1
4520,82,4,2,0,5,2
4521,55,4,1,1,3,2
4522,80,5,2,1,1,0
4523,30,3,1,1,2,1
4524,34,3,3,1,1,0
4525,76,4,2,0,3,1
4526,80,5,3,1,5,1
4527,69,1,2,0,3,2
4528,55,4,3,1,5,1
4529,64,9,3,1,2,0
4530,32,6,3,1,4,1
4531,69,8,2,0,1,2
4532,81,4,3,1,1,1
4533,27,6,2,0,2,1
4534,33,5,3,1,3,2
4535,40,4,2,0,4,0
4536,62,9,3,0,3,0
4537,71,7,2,0,5,1
4538,77,9,2,1,5,1
4539,70,6,2,0,3,2
4540,27,6,2,0,2,1
4541,62,6,2,0,5,1
4542,74,4,2,0,5,1
4543,23,9,3,0,1,1
4544,44,7,2,1,3,2
4545,24,7,2,1,1,1
4546,84,3,2,1,4,2
4547,15,7,2,0,3,2
4548,25,7,2,0,1,1
4549,55,9,2,0,2,1
4550,67,7,2,0,3,2
4551,82,7,2,1,4,1
4552,16,1,2,0,4,0
4553,15,3,2,1,2,1
4554,49,1,3,0,1,0
4555,48,5,2,0,5,1
4556,55,3,3,1,1,0
4557,51,7,2,1,3,2
4558,73,5,2,1,2,0
4559,49,5,3,1,4,2
4560,24,7,2,0,2,2
4561,17,7,2,1,5,1
4562,44,5,2,1,4,1
4563,77,8,3,1,1,1
4564,38,1,2,1,2,0
4565,28,5,2,1,3,0
4566,77,1,2,0,1,0
4567,79,4,2,0,1,0
4568,57,5,2,1,5,0
4569,29,2,2,1,1,0
4570,84,5,2,0,4,2
4571,67,5,2,1,2,1
4572,61,8,2,1,3,2
4573,16,4,3,0,2,2
4574,33,6,3,0,3,2
4575,18,9,2,0,3,2
4576,34,6,2,1,2,2
4577,69,4,2,0,4,1
4578,35,9,3,1,2,0
4579,81,6,2,0,3,1
4580,83,1,2,0,4,1
4581,60,4,3,0,5,1
4582,30,9,2,0,3,2
4583,28,8,2,0,2,0
4584,74,5,2,0,3,1
4585,35,5,3,1,4,0
4586,67,2,2,1,5,0
4587,18,5,3,1,4,1
4588,60,4,2,1,5,1
4589,37,1,2,1,5,1
4590,31,5,2,1,3,2
4591,74,6,2,1,5,0
4592,80,9,2,0,2,2
4593,15,8,2,0,4,1
4594,25,5,2,0,3,0
4595,74,7,3,1,2,2
4596,41,6,3,1,5,1
4597,60,6,2,1,5,2
4598,67,1,3,1,2,0
4599,52,3,2,1,4,1
4600,55,1,3,0,5,0
4601,47,7,2,1,2,2
4602,60,9,3,1,3,2
4603,27,6,2,1,4,1
4604,19,5,2,0,1,0
4605,25,3,2,0,3,2
4606,52,4,3,1,4,2
4607,69,7,2,0,2,1
4608,74,5,3,1,1,1
4609,22,5,1,1,4,0
4610,84,3,2,1,1,2
4611,45,5,3,1,3,0
4612,69,8,2,1,1,0
4613,41,7,1,1,4,1
4614,56,8,2,0,5,0
4615,26,9,3,1,3,0
4616,77,5,2,1,3,1
4617,15,3,3,1,5,0
4618,36,9,3,1,4,1
4619,54,9,3,0,3,1
4620,66,2,2,1,3,0
4621,85,4,3,1,2,0
4622,15,6,2,1,4,2
4623,49,1,2,1,1,1
4624,64,5,3,0,4,2
4625,59,8,1,1,4,2
4626,67,6,3,0,5,0
4627,23,8,3,1,1,1
4628,60,5,2,1,3,1
4629,38,7,2,1,4,0
4630,53,5,2,1,2,0
4631,68,6,3,0,2,1
4632,29,7,1,1,5,1
4633,29,6,2,0,5,0
4634,84,7,3,0,2,1
4635,72,9,2,0,3,1
4636,72,5,2,1,2,1
4637,64,1,2,1,5,1
4638,44,3,2,1,1,0
4639,34,1,2,0,2,2
4640,17,8,3,1,4,2
4641,47,5,1,0,5,2
4642,44,5,3,1,4,0
4643,80,4,3,0,5,0
4644,60,4,2,1,3,1
4645,60,3,2,0,3,1
4646,75,9,2,0,2,0
4647,55,3,3,1,1,0
4648,83,2,2,1,1,0
4649,61,9,2,1,3,1
4650,24,8,2,0,5,0
4651,46,3,2,0,1,1
4652,79,8,2,1,4,0
4653,23,5,2,1,1,2
4654,20,1,2,1,5,2
4655,56,1,3,1,4,2
4656,32,9,2,1,3,0
4657,82,5,2,0,3,0
4658,76,3,2,1,2,1
4659,82,7,2,1,2,2
4660,18,6,2,0,2,1
4661,53,7,2,0,2,2
4662,47,3,2,0,2,2
4663,58,4,3,1,3,0
4664,29,8,3,0,3,2
4665,54,4,3,0,2,1
4666,34,6,2,0,4,1
4667,43,3,3,0,1,2
4668,80,7,3,0,2,1
4669,64,6,2,1,1,2
4670,30,3,2,0,4,0
4671,71,4,2,0,2,0
4672,23,7,1,1,3,1
4673,20,8,2,0,2,0
4674,68,4,2,0,4,0
4675,41,4,2,0,4,2
4676,44,9,3,1,5,0
4677,49,7,3,1,3,0
4678,30,9,3,1,5,0
4679,81,5,3,0,1,1
4680,47,6,2,1,3,2
4681,25,5,2,1,4,1
4682,82,4,2,1,1,2
4683,24,8,2,0,2,2
4684,16,6,3,1,1,0
4685,38,5,2,1,1,0
4686,47,6,3,0,4,1
4687,35,6,2,1,3,0
4688,83,8,2,0,3,0
4689,81,2,2,1,4,1
4690,49,5,1,1,3,1
4691,61,8,2,1,4,2
4692,85,2,2,1,5,0
4693,73,4,3,0,4,2
4694,85,4,3,1,2,2
4695,58,8,3,1,5,2
4696,72,7,1,0,3,1
4697,50,9,2,0,3,1
4698,63,3,2,1,4,2
4699,53,5,2,1,4,1
4700,44,6,2,0,1,1
4701,58,7,2,1,2,2
4702,60,5,1,0,5,1
4703,15,7,1,1,3,0
4704,31,6,2,0,5,1
4705,51,6,2,1,3,1
4706,46,5,1,0,5,2
4707,42,6,2,1,2,1
4708,21,2,2,0,4,1
4709,23,7,2,1,1,1
4710,64,5,3,1,5,0
4711,37,5,3,1,2,1
4712,47,8,2,1,2,1
4713,48,4,3,0,5,2
4714,50,4,2,0,5,2
4715,17,8,2,1,3,0
4716,70,3,2,0,5,1
4717,22,4,1,1,5,2
4718,36,6,3,1,5,0
4719,71,7,2,0,3,1
4720,18,1,2,1,5,1
4721,76,3,2,1,1,2
4722,74,4,3,0,2,1
4723,51,5,3,0,1,0
4724,37,2,3,1,5,0
4725,72,6,2,1,4,2
4726,46,5,2,0,2,2
4727,29,5,2,0,4,1
4728,68,4,2,0,1,0
4729,56,6,2,0,1,0
4730,51,5,3,0,3,1
4731,78,4,2,1,5,1
4732,15,4,3,0,4,2
4733,29,1,2,1,4,0
4734,16,2,2,0,3,2
4735,49,5,2,1,2,1
4736,24,2,3,1,5,0
4737,30,2,3,1,5,0
4738,18,1,2,1,4,0
4739,49,6,2,0,1,0
4740,43,5,3,0,4,1
4741,78,2,2,1,4,1
4742,54,8,2,1,1,1
4743,69,7,3,0,1,1
4744,46,6,2,1,2,2
4745,66,3,1,1,3,1
4746,30,6,2,0,4,0
4747,44,9,2,1,1,2
4748,47,3,2,1,5,1
4749,36,1,1,1,3,1
4750,80,8,2,1,4,2
4751,31,1,3,1,3,1
4752,43,6,2,1,2,0
4753,72,5,2,0,3,2
4754,81,9,3,0,1,1
4755,28,6,2,1,1,1
4756,18,2,3,0,2,2
4757,50,7,2,1,4,2
4758,39,2,2,0,4,0
4759,75,2,2,0,3,2
4760,61,2,2,0,5,2
4761,24,2,2,0,2,1
4762,56,4,1,0,3,1
4763,22,7,2,1,2,1
4764,46,7,2,1,3,2
4765,81,5,1,0,3,1
4766,68,1,3,0,3,2
4767,53,9,3,1,2,2
4768,46,2,2,1,4,1
4769,33,9,2,0,5,0
4770,49,4,2,0,4,0
4771,19,3,2,0,1,0
4772,54,9,3,0,2,0
4773,32,2,3,1,4,2
4774,73,6,2,0,4,0
4775,21,1,2,1,5,1
4776,70,1,3,0,2,0
4777,84,5,3,0,1,0
4778,22,5,1,0,3,1
4779,33,5,2,1,3,0
4780,16,1,3,1,3,2
4781,34,7,2,0,1,0
4782,15,1,2,1,4,1
4783,27,7,2,1,2,2
4784,25,8,3,1,4,2
4785,56,7,1,1,3,2
4786,67,5,3,1,5,0
4787,71,9,2,0,4,2
4788,67,8,1,1,2,1
4789,74,7,3,1,1,2
4790,25,4,3,0,3,2
4791,23,6,3,0,5,1
4792,20,6,3,0,5,2
4793,59,7,3,0,4,1
4794,57,4,1,0,1,2
4795,59,5,3,0,2,1
4796,66,3,2,1,1,1
4797,50,7,1,1,4,1
4798,15,2,1,1,2,1
4799,37,6,2,1,1,2
4800,23,3,3,0,2,0
4801,42,8,2,0,5,2
4802,38,1,2,0,3,1
4803,20,7,3,1,1,1
4804,42,7,2,1,5,0
4805,64,5,1,0,1,2
4806,35,7,2,1,3,2
4807,61,8,1,1,5,0
4808,62,7,3,0,3,1
4809,36,6,2,0,1,2
4810,43,3,2,0,5,2
4811,15,7,2,0,2,0
4812,30,9,3,1,3,1
4813,75,6,2,1,2,0
4814,42,7,2,1,3,1
4815,53,8,2,0,3,0
4816,76,4,2,1,2,1
4817,45,4,3,1,4,0
4818,36,7,2,0,1,1
4819,15,6,3,0,5,1
4820,72,9,2,0,4,2
4821,53,5,3,1,2,0
4822,38,1,2,1,1,0
4823,82,4,3,1,5,1
4824,52,7,3,1,2,1
4825,21,7,2,1,1,1
4826,64,5,3,0,1,2
4827,70,4,2,1,1,0
4828,36,6,3,1,4,2
4829,68,5,2,1,2,1
4830,39,4,3,0,2,0
4831,20,2,2,0,4,1
4832,51,7,2,1,1,0
4833,44,1,2,0,4,1
4834,28,1,2,1,4,0
4835,49,6,2,0,2,2
4836,47,5,2,1,2,1
4837,51,5,2,1,1,2
4838,57,6,1,0,2,1
4839,65,7,2,1,3,0
4840,56,6,3,1,5,0
4841,39,9,2,1,3,0
4842,22,7,3,1,2,0
4843,25,1,2,1,3,1
4844,22,6,2,0,5,0
4845,77,4,2,1,5,0
4846,22,1,2,0,2,0
4847,49,6,1,0,1,1
4848,25,2,3,1,5,2
4849,29,7,2,0,2,2
4850,79,7,2,0,1,0
4851,67,1,3,1,1,0
4852,52,7,3,1,1,0
4853,80,6,2,0,1,1
4854,59,2,2,0,5,0
4855,31,1,2,1,5,2
4856,79,4,2,0,2,1
4857,32,9,2,0,4,0
4858,36,3,2,1,1,2
4859,63,6,2,1,2,1
4860,50,7,1,0,5,2
4861,57,7,3,0,2,2
4862,68,8,3,0,5,1
4863,32,5,2,1,5,2
4864,19,4,2,0,4,1
4865,68,4,2,1,2,2
4866,43,8,3,1,2,1
4867,50,5,3,1,5,0
4868,81,7,2,1,3,0
4869,53,1,1,1,1,1
4870,21,6,3,1,5,1
4871,24,7,3,0,5,1
4872,67,7,3,1,3,2
4873,65,5,3,1,5,0
4874,15,5,3,0,4,2
4875,17,7,3,1,5,1
4876,48,7,2,0,4,2
4877,71,6,3,1,2,1
4878,54,1,2,0,1,1
4879,40,6,2,0,2,1
4880,72,1,3,0,2,1
4881,18,4,2,1,3,2
4882,24,7,2,1,4,2
4883,31,7,1,0,4,1
4884,45,3,2,1,1,1
4885,65,4,2,0,2,2
4886,18,2,1,1,4,1
4887,40,2,2,1,5,0
4888,73,8,2,0,3,2
4889,27,1,3,0,1,2
4890,56,7,2,1,2,2
4891,26,3,2,1,5,1
4892,41,9,2,1,2,2
4893,15,4,3,1,3,2
4894,28,1,3,0,5,2
4895,68,1,1,0,5,2
4896,15,9,1,1,2,2
4897,42,4,3,0,4,1
4898,41,7,2,1,3,0
4899,27,2,2,0,4,1
4900,63,5,2,0,4,1
4901,81,7,2,1,4,1
4902,46,2,2,0,1,2
4903,55,6,3,0,5,1
4904,22,6,2,1,4,1
4905,75,7,3,1,2,1
4906,45,7,3,1,4,2
4907,58,5,3,0,4,2
4908,46,7,2,1,3,1
4909,66,4,1,1,5,2
4910,21,8,2,1,3,2
4911,34,6,3,0,2,1
4912,16,7,2,1,3,2
4913,53,8,2,1,2,0
4914,50,8,3,0,4,1
4915,79,3,2,0,1,1
4916,83,3,2,0,3,0
4917,60,6,2,1,2,1
4918,34,5,3,1,2,2
4919,55,5,2,1,3,2
4920,80,3,3,1,2,0
4921,40,7,3,0,5,1
4922,29,5,3,0,2,0
4923,82,9,3,0,3,1
4924,43,8,3,0,3,1
4925,64,5,2,0,3,0
4926,84,5,3,1,3,1
4927,54,9,2,1,5,0
4928,50,7,2,0,5,1
4929,30,5,2,0,5,2
4930,69,5,3,0,2,1
4931,38,5,3,0,3,0
4932,53,4,3,0,2,0
4933,39,5,2,0,1,1
4934,66,4,2,1,5,1
4935,47,6,2,0,1,1
4936,82,9,3,0,1,2
4937,43,6,2,1,5,1
4938,18,5,2,0,2,2
4939,59,1,3,1,1,0
4940,36,4,2,1,4,2
4941,59,3,3,0,3,0
4942,63,9,3,1,4,2
4943,61,3,1,0,1,2
4944,82,7,2,0,1,2
4945,67,7,3,1,4,1
4946,40,6,2,1,1,2
4947,48,3,2,0,2,2
4948,17,4,3,1,5,2
4949,58,6,3,1,1,2
4950,73,9,2,1,5,0
4951,25,5,2,0,2,0
4952,38,5,2,0,4,0
4953,37,6,2,0,1,0
4954,81,9,2,1,3,0
4955,25,7,2,0,3,0
4956,73,5,2,1,4,0
4957,62,5,2,0,1,1
4958,80,1,3,0,1,1
4959,78,6,2,1,5,2
4960,47,6,2,1,1,2
4961,45,4,3,1,2,2
4962,18,6,2,1,5,1
4963,48,9,3,0,4,1
4964,79,6,3,1,1,0
4965,29,4,2,1,1,2
4966,24,8,2,1,5,1
4967,64,4,2,1,5,1
4968,46,7,2,0,2,2
4969,38,2,2,0,2,1
4970,20,3,2,0,3,0
4971,26,4,3,1,1,0
4972,46,3,1,1,3,0
4973,61,2,2,1,3,2
4974,66,7,2,1,3,0
4975,35,6,2,0,5,2
4976,70,3,3,1,2,2
4977,75,6,3,0,2,2
4978,62,6,2,1,3,0
4979,54,5,3,0,3,1
4980,48,5,2,0,2,0
4981,73,5,2,0,3,1
4982,80,9,2,1,2,0
4983,35,3,3,0,4,2
4984,32,9,3,0,2,0
4985,82,5,3,1,3,0
4986,22,6,2,0,1,1
4987,63,1,2,0,2,0
4988,18,4,2,1,2,2
4989,53,7,2,1,5,0
4990,63,3,2,0,2,2
4991,32,6,2,1,2,2
4992,85,1,1,1,1,2
4993,27,6,2,0,4,1
4994,44,9,2,1,2,2
4995,57,2,2,1,2,0
4996,42,5,2,1,5,0
4997,28,9,1,0,2,2
4998,85,6,3,1,1,0
4999,29,3,2,1,1,1
5000,80,6,2,0,2,0
